-- SQL DEL PROGETTO DA IMPORTARE
-- phpMyAdmin SQL Dump
-- version 5.2.0
-- https://www.phpmyadmin.net/
--
-- Host: 127.0.0.1:3308
-- Creato il: Mag 16, 2023 alle 16:32
-- Versione del server: 10.4.27-MariaDB
-- Versione PHP: 8.2.0

SET SQL_MODE = "NO_AUTO_VALUE_ON_ZERO";
START TRANSACTION;
SET time_zone = "+00:00";


/*!40101 SET @OLD_CHARACTER_SET_CLIENT=@@CHARACTER_SET_CLIENT */;
/*!40101 SET @OLD_CHARACTER_SET_RESULTS=@@CHARACTER_SET_RESULTS */;
/*!40101 SET @OLD_COLLATION_CONNECTION=@@COLLATION_CONNECTION */;
/*!40101 SET NAMES utf8mb4 */;

--
-- Database: `progetto`
--

-- --------------------------------------------------------

--
-- Struttura della tabella `campionato`
--

CREATE TABLE `campionato` (
  `squadraA` varchar(45) NOT NULL,
  `squadraB` varchar(45) NOT NULL,
  `squadraC` varchar(45) NOT NULL,
  `squadraD` varchar(45) NOT NULL,
  `start` tinyint(1) NOT NULL
) ENGINE=InnoDB DEFAULT CHARSET=utf8mb4 COLLATE=utf8mb4_general_ci;

--
-- Dump dei dati per la tabella `campionato`
--

INSERT INTO `campionato` (`squadraA`, `squadraB`, `squadraC`, `squadraD`, `start`) VALUES
('', '', '', '', 0);

-- --------------------------------------------------------

--
-- Struttura della tabella `classifica`
--

CREATE TABLE `classifica` (
  `pos` int(11) NOT NULL,
  `nome` varchar(45) NOT NULL,
  `vittorie` int(11) NOT NULL DEFAULT 0,
  `sconfitte` int(11) NOT NULL DEFAULT 0,
  `punti` float NOT NULL DEFAULT 0
) ENGINE=InnoDB DEFAULT CHARSET=utf8mb4 COLLATE=utf8mb4_general_ci;

-- --------------------------------------------------------

--
-- Struttura della tabella `fantasypointsgiornata1`
--

CREATE TABLE `fantasypointsgiornata1` (
  `Nome` varchar(45) NOT NULL,
  `Fantasy Points` float NOT NULL
) ENGINE=InnoDB DEFAULT CHARSET=utf8mb4 COLLATE=utf8mb4_general_ci;

--
-- Dump dei dati per la tabella `fantasypointsgiornata1`
--

INSERT INTO `fantasypointsgiornata1` (`Nome`, `Fantasy Points`) VALUES
('Aaron Gordon', 20.5),
('Aaron Henry', 0),
('Aaron Holiday', 11.9),
('Aaron Nesmith', 3.8),
('Abdel Nader', 8.8),
('Al Horford', 44.4),
('Alec Burks', 18.6),
('Aleksej Pokusevski', 14.4),
('Alex Caruso', 24.9),
('Alex Len', 15.8),
('Alize Johnson', 8.8),
('Alperen Sengun', 23.8),
('Amir Coffey', 6.4),
('Andre Drummond', 34.5),
('Andre Iguodala', 20),
('Andrew Wiggins', 25.8),
('Anfernee Simons', 19.3),
('Anthony Davis', 50.7),
('Anthony Edwards', 41.8),
('Armoni Brooks', 6.8),
('Austin Reaves', 8.3),
('Austin Rivers', 4.5),
('Avery Bradley', 2.6),
('Ayo Dosunmu', 9.3),
('Bam Adebayo', 38.8),
('Ben McLemore', 5.3),
('Blake Griffin', 13.5),
('Bogdan Bogdanovic', 17),
('Bojan Bogdanovic', 26.2),
('Bol Bol', 3.2),
('Bones Hyland', 15.4),
('Brad Wanamaker', 0.5),
('Bradley Beal', 32.1),
('Brandon Boston Jr.', 5.7),
('Brandon Clarke', 13.2),
('Brandon Ingram', 40.4),
('Brook Lopez', 26),
('Bruce Brown', 16.1),
('Bryn Forbes', 2.4),
('Buddy Hield', 23.5),
('Caleb Martin', 12.2),
('Cam Reddish', 27.2),
('Cam Thomas', 0.7),
('Cameron Johnson', 14.2),
('Cameron Payne', 14.8),
('Carmelo Anthony', 26.8),
('Cedi Osman', 11.2),
('Chandler Hutchison', 2.4),
('Charles Bassey', 4.4),
('Chris Boucher', 16.3),
('Chris Duarte', 29.5),
('Chris Paul', 38.9),
('Christian Wood', 43),
('CJ Elleby', 3.8),
('CJ McCollum', 45.2),
('Clint Capela', 29.5),
('Cody Martin', 21.1),
('Cody Zeller', 14.9),
('Cole Anthony', 33.7),
('Collin Sexton', 24.6),
('Corey Kispert', 6.5),
('Cory Joseph', 11.3),
('D Angelo Russell', 26.1),
('D.J. Augustin', 5.3),
('Dalano Banton', 7.2),
('Damian Lillard', 30.7),
('Damion Lee', 16.7),
('Daniel Gafford', 23),
('Daniel Theis', 13.5),
('Danny Green', 10.6),
('Danuel House Jr.', 6.5),
('Darius Bazley', 23.7),
('Darius Garland', 26.7),
('David Nwaba', 15.1),
('Davion Mitchell', 19.8),
('Davis Bertans', 9.8),
('Day Ron Sharpe', 1),
('De Aaron Fox', 34.4),
('De Andre Hunter', 19.6),
('De Anthony Melton', 29.9),
('Dean Wade', 4.2),
('Deandre Ayton', 26.4),
('DeAndre Jordan', 14.3),
('DeAndre  Bembry', 6.7),
('Dejounte Murray', 38.1),
('Delon Wright', 11),
('DeMar DeRozan', 38.5),
('Deni Avdija', 17.1),
('Dennis Schroder', 30),
('Dennis Smith Jr.', 18.4),
('Denzel Valentine', 1.5),
('Derrick Favors', 14.3),
('Derrick Jones Jr.', 0),
('Derrick Rose', 29.4),
('Derrick White', 37.2),
('Desmond Bane', 32.8),
('Devin Booker', 30.2),
('Devin Vassell', 20.6),
('Devonte  Graham', 29.7),
('Dewayne Dedmon', 15.7),
('Domantas Sabonis', 47),
('Donovan Mitchell', 36.8),
('Dorian Finney-Smith', 24.1),
('Doug McDermott', 17.6),
('Draymond Green', 27.2),
('Drew Eubanks', 11.4),
('Duncan Robinson', 21.2),
('Dwight Howard', 10.8),
('Dwight Powell', 17.4),
('Dylan Windler', 0),
('Elfrid Payton', 27.8),
('Elijah Hughes', 2),
('Enes Freedom', 3.2),
('Eric Bledsoe', 34.3),
('Eric Gordon', 17.2),
('Eric Paschall', 7.7),
('Evan Fournier', 33.4),
('Evan Mobley', 36),
('Facundo Campazzo', 16.4),
('Frank Jackson', 5.4),
('Frank Kaminsky', 7),
('Frank Ntilikina', 5.7),
('Franz Wagner', 25.6),
('Fred VanVleet', 36),
('Furkan Korkmaz', 19.9),
('Gabe Vincent', 6.7),
('Gabriel Deck', 1.5),
('Garrett Temple', 10.1),
('Gary Harris', 4),
('Gary Payton II', 4.7),
('Gary Trent Jr.', 26.1),
('George Hill', 18.1),
('Georges Niang', 13.8),
('Georgios Kalaitzakis', 3.7),
('Giannis Antetokounmpo', 52.6),
('Goga Bitadze', 23.3),
('Goran Dragic', 13.7),
('Gordon Hayward', 27.9),
('Gorgui Dieng', 21.6),
('Grant Williams', 21.1),
('Grayson Allen', 24.3),
('Greg Brown III', 9.3),
('Hamidou Diallo', 9.6),
('Harrison Barnes', 44.2),
('Hassan Whiteside', 24.7),
('Herbert Jones', 10.1),
('Ignas Brazdeikis', 3.6),
('Immanuel Quickley', 11.8),
('Isaac Bonga', 5.2),
('Isaac Okoro', 16.2),
('Isaiah Hartenstein', 22.2),
('Isaiah Jackson', 1),
('Isaiah Joe', -0.3),
('Isaiah Roby', 9.5),
('Isaiah Stewart', 27),
('Isaiah Todd', 8.2),
('Ish Smith', 23.8),
('Ivica Zubac', 23.8),
('Ja Morant', 53.1),
('Jabari Parker', 22),
('Jaden McDaniels', 19.3),
('Jaden Springer', 0),
('Jae Crowder', 16.7),
('Jae Sean Tate', 26.8),
('Jake Layman', 2),
('Jakob Poeltl', 33.9),
('Jalen Brunson', 22.7),
('Jalen Green', 30.2),
('Jalen Johnson', 5.8),
('Jalen McDaniels', 8.7),
('Jalen Smith', 6.2),
('Jalen Suggs', 21.9),
('James Bouknight', 0.6),
('James Harden', 40),
('James Johnson', 4.4),
('Jamorko Pickett', -0.5),
('JaMychal Green', 8.5),
('Jared Butler', 0.9),
('Jaren Jackson Jr.', 31.2),
('Jarred Vanderbilt', 11.7),
('Jarrett Allen', 34.8),
('JaVale McGee', 15.1),
('Javonte Green', 11.9),
('Jaxson Hayes', 12),
('Jay Scrubb', 7.2),
('Jaylen Brown', 45.6),
('Jaylen Nowell', 4.9),
('Jayson Tatum', 46.7),
('Jeff Green', 8),
('Jerami Grant', 34.9),
('Jeremiah Robinson-Earl', 10.1),
('Jeremy Lamb', 14.1),
('Jericho Sims', 6),
('Jevon Carter', 8.2),
('Jimmy Butler', 44.5),
('Jock Landale', 2.9),
('Joe Harris', 16.6),
('Joe Ingles', 11.1),
('Joel Ayayi', 0),
('Joel Embiid', 48.4),
('John Collins', 35.9),
('John Konchar', 8),
('Jonas Valanciunas', 44.6),
('Jordan Clarkson', 23.4),
('Jordan McLaughlin', 12.3),
('Jordan Nwora', 23.4),
('Jordan Poole', 27.9),
('Josh Christopher', 6.7),
('Josh Giddey', 29.3),
('Josh Green', 2),
('Josh Hart', 8.9),
('Josh Jackson', 18.1),
('Josh Okogie', 15.8),
('Josh Richardson', 11.2),
('Joshua Primo', 3.1),
('Jrue Holiday', 20.5),
('JT Thor', 0),
('Juan Toscano-Anderson', 8.8),
('Juancho Hernangomez', 5.4),
('Julius Randle', 58.4),
('Justin Champagnie', 1.2),
('Justin Holiday', 19.2),
('Justin Robinson', 8.5),
('Justise Winslow', 19.7),
('Jusuf Nurkic', 28.4),
('Kai Jones', -1),
('Karl-Anthony Towns', 53),
('Keita Bates-Diop', 4.2),
('Keldon Johnson', 30),
('Kelly Olynyk', 26.7),
('Kelly Oubre Jr.', 26.8),
('Kemba Walker', 18.4),
('Kenrich Williams', 13.6),
('Kent Bazemore', 11.5),
('Kentavious Caldwell-Pope', 13.3),
('Kenyon Martin Jr.', 7.7),
('Kevin Durant', 54.8),
('Kevin Huerter', 16.9),
('Kevin Knox II', 0.5),
('Kevin Love', 23.7),
('Kevin Pangos', -0.5),
('Kevin Porter Jr.', 24.9),
('Kevon Looney', 18.2),
('Khem Birch', 14.1),
('Khris Middleton', 34.3),
('Killian Hayes', 13.5),
('Kira Lewis Jr.', 8.9),
('Kristaps Porzingis', 34.3),
('Kyle Anderson', 19.2),
('Kyle Kuzma', 33),
('Kyle Lowry', 21.8),
('KZ Okpala', 2.7),
('Lamar Stevens', 0),
('LaMarcus Aldridge', 22.9),
('LaMelo Ball', 42.7),
('Landry Shamet', 9.5),
('Larry Nance Jr.', 11.3),
('Lauri Markkanen', 28.8),
('Leandro Bolmaro', 1),
('LeBron James', 45.6),
('Lonnie Walker IV', 25),
('Lonzo Ball', 37.8),
('Lou Williams', 19.4),
('Luguentz Dort', 22.2),
('Luka Doncic', 46.8),
('Luka Garza', 9.7),
('Luke Kennard', 20.3),
('Malachi Flynn', 5.7),
('Malcolm Brogdon', 45.8),
('Malik Beasley', 16.7),
('Malik Fitts', 1.2),
('Malik Monk', 16.1),
('Marcus Garrett', 1.5),
('Marcus Morris Sr.', 14.9),
('Marcus Smart', 27.5),
('Markieff Morris', 15.4),
('Markus Howard', 2),
('Marvin Bagley III', 5.8),
('Mason Plumlee', 30.9),
('Matisse Thybulle', 16.1),
('Matt Thomas', 0),
('Maurice Harkless', 13.3),
('Max Strus', 9.8),
('Maxi Kleber', 10.8),
('McKinley Wright IV', 2),
('Michael Porter Jr.', 23.1),
('Mikal Bridges', 29.1),
('Mike Conley', 25.5),
('Mike Muscala', 18.7),
('Miles Bridges', 45.3),
('Miles McBride', 1.5),
('Mitchell Robinson', 31.4),
('Miye Oni', 0),
('Mo Bamba', 31.7),
('Monte Morris', 14.1),
('Montrezl Harrell', 29.9),
('Moritz Wagner', 10.8),
('Moses Moody', 3.7),
('Myles Turner', 28.5),
('Naji Marshall', 8.6),
('Nassir Little', 20.8),
('Naz Reid', 19.8),
('Nemanja Bjelica', 19.5),
('Nic Claxton', 16.5),
('Nick Richards', 6.2),
('Nickeil Alexander-Walker', 34.9),
('Nicolas Batum', 17.4),
('Nikola Jokic', 56.9),
('Nikola Vucevic', 40.9),
('Norman Powell', 18.7),
('O.G. Anunoby', 33.4),
('Obi Toppin', 18.1),
('Omer Yurtseven', 5.8),
('Oshae Brissett', 14.2),
('Otto Porter Jr.', 18),
('P.J. Tucker', 10.9),
('P.J. Washington', 17.9),
('Pat Connaughton', 25.3),
('Patrick Beverley', 23.5),
('Patrick Williams', 13.1),
('Patty Mills', 23.4),
('Paul George', 53.9),
('Paul Millsap', 10.5),
('Paul Reed', 10.3),
('Payton Pritchard', 10.2),
('Petr Cornelie', 0),
('PJ Dozier', 13.7),
('Precious Achiuwa', 27.1),
('Quentin Grimes', 1.5),
('R.J. Hampton', 18.3),
('Rajon Rondo', 12.9),
('Raul Neto', 21.8),
('Reggie Bullock', 3.9),
('Reggie Jackson', 27.1),
('Richaun Holmes', 37.6),
('Ricky Rubio', 33.8),
('RJ Barrett', 27.7),
('RJ Nembhard Jr.', 3.5),
('Robert Covington', 16.9),
('Robert Williams III', 35),
('Robin Lopez', 10.1),
('Rodney Hood', 7.2),
('Rodney McGruder', 3.5),
('Romeo Langford', 11.5),
('Royce O Neale', 20.3),
('Rudy Gobert', 44.6),
('Russell Westbrook', 35.5),
('Saben Lee', 3.2),
('Saddiq Bey', 36.5),
('Sandro Mamukelashvili', 6.7),
('Scottie Barnes', 27.8),
('Seth Curry', 29.8),
('Shai Gilgeous-Alexander', 30.9),
('Sharife Cooper', 1),
('Skylar Mays', 2.1),
('Solomon Hill', 8.5),
('Spencer Dinwiddie', 35.2),
('Stephen Curry', 56),
('Sterling Brown', 6.1),
('Steven Adams', 37.3),
('Svi Mykhailiuk', 12.4),
('T.J. McConnell', 20.1),
('Tacko Fall', 1.4),
('Taj Gibson', 5.3),
('Taurean Prince', 10),
('Terance Mann', 28.2),
('Terence Davis', 9.3),
('Terrence Ross', 16),
('Terry Rozier', 11.4),
('Thaddeus Young', 0),
('Thanasis Antetokounmpo', 13.9),
('Theo Maledon', 6.6),
('Tim Hardaway Jr.', 26.5),
('Timothe Luwawu-Cabarrot', 2),
('Tobias Harris', 35),
('Tomas Satoransky', 3.2),
('Tony Bradley', 5.2),
('Torrey Craig', 9.2),
('Trae Young', 43.8),
('Tre Jones', 2.2),
('Tre Mann', 8.9),
('Trent Forrest', 5),
('Trey Burke', 9.2),
('Trey Lyles', 17.8),
('Trey Murphy III', 10.9),
('Tristan Thompson', 8.9),
('Troy Brown Jr.', 7),
('Ty Jerome', 3.5),
('Tyler Herro', 36.1),
('Tyrese Haliburton', 28),
('Tyrese Maxey', 27.1),
('Tyus Jones', 12.4),
('Usman Garuba', 10.1),
('Vernon Carey Jr.', 1.2),
('Vit Krejci', 1.7),
('Wayne Selden', 0),
('Wendell Carter Jr.', 30),
('Will Barton', 31),
('Willie Cauley-Stein', 5.2),
('Xavier Tillman', 25.9),
('Zach LaVine', 38.9),
('Zeke Nnaji', 3),
('Ziaire Williams', 8.2);

-- --------------------------------------------------------

--
-- Struttura della tabella `fantasypointsgiornata2`
--

CREATE TABLE `fantasypointsgiornata2` (
  `Nome` varchar(45) NOT NULL,
  `Fantasy Points` float NOT NULL
) ENGINE=InnoDB DEFAULT CHARSET=utf8mb4 COLLATE=utf8mb4_general_ci;

--
-- Dump dei dati per la tabella `fantasypointsgiornata2`
--

INSERT INTO `fantasypointsgiornata2` (`Nome`, `Fantasy Points`) VALUES
('Giannis Antetokounmpo', 56.7),
('DeMar DeRozan', 44.3),
('Devin Booker', 47.3),
('Paul George', 50.5),
('Stephen Curry', 42.9),
('Bradley Beal', 45.2),
('Zach LaVine', 39),
('Jimmy Butler', 53.8),
('Bam Adebayo', 44.3),
('Jaylen Brown', 35.5),
('Shai Gilgeous-Alexander', 38.7),
('Anthony Davis', 48.2),
('Donovan Mitchell', 36.6),
('Cole Anthony', 40.7),
('Jayson Tatum', 40.4),
('Kevin Durant', 39.5),
('Ja Morant', 43.4),
('O.G. Anunoby', 39.1),
('RJ Barrett', 32.2),
('Russell Westbrook', 46.5),
('Luka Doncic', 43.6),
('Jonas Valanciunas', 46.1),
('Miles Bridges', 41.7),
('Trae Young', 38.2),
('Anthony Edwards', 34.8),
('Brandon Ingram', 39.4),
('CJ McCollum', 33.2),
('Joel Embiid', 36.9),
('Nikola Jokic', 48.9),
('Dejounte Murray', 49),
('Montrezl Harrell', 41.6),
('Karl-Anthony Towns', 40.8),
('Tobias Harris', 38.7),
('Tyler Herro', 32.4),
('LeBron James', 47.5),
('James Harden', 44.5),
('Scottie Barnes', 40.4),
('Damian Lillard', 37.7),
('Fred VanVleet', 38.6),
('Buddy Hield', 32.1),
('Deandre Ayton', 46.3),
('Spencer Dinwiddie', 35.6),
('Kemba Walker', 34.1),
('Terry Rozier', 32.1),
('De Aaron Fox', 32.6),
('Harrison Barnes', 38.2),
('Richaun Holmes', 36.1),
('Devonte  Graham', 36.1),
('Franz Wagner', 28.5),
('Malcolm Brogdon', 32.5),
('Domantas Sabonis', 42.5),
('Khris Middleton', 37.5),
('LaMelo Ball', 38.4),
('Andrew Wiggins', 29.7),
('Damion Lee', 22.2),
('Kyle Kuzma', 35.3),
('Desmond Bane', 25),
('Jordan Clarkson', 23.2),
('Nikola Vucevic', 40.2),
('Gary Trent Jr.', 32),
('Gordon Hayward', 29.3),
('Rudy Gobert', 42.6),
('Carmelo Anthony', 26.5),
('Christian Wood', 34.1),
('John Collins', 35.3),
('Norman Powell', 23.1),
('Chris Duarte', 26),
('Eric Gordon', 24.8),
('Jerami Grant', 31.5),
('Bojan Bogdanovic', 24.6),
('Caris LeVert', 24.6),
('Collin Sexton', 24.4),
('D Angelo Russell', 28.9),
('Tyrese Haliburton', 31.5),
('Darius Garland', 29.1),
('Julius Randle', 36.2),
('Aaron Gordon', 29.3),
('Jakob Poeltl', 33.5),
('Wendell Carter Jr.', 30.9),
('Evan Fournier', 23.6),
('Al Horford', 42.7),
('P.J. Washington', 27.5),
('Anfernee Simons', 23.3),
('Grayson Allen', 21.7),
('LaMarcus Aldridge', 22.1),
('Cam Reddish', 21.1),
('Lauri Markkanen', 26.6),
('Luguentz Dort', 21.4),
('Bogdan Bogdanovic', 27),
('Dennis Schroder', 32.5),
('Kelly Olynyk', 31.4),
('Mike Conley', 23),
('Saddiq Bey', 27.9),
('Jalen Suggs', 24.9),
('Monte Morris', 24.1),
('Seth Curry', 19.5),
('Evan Mobley', 30.8),
('Reggie Jackson', 22.2),
('Tristan Thompson', 23.5),
('Will Barton', 26.5),
('Jusuf Nurkic', 37.8),
('Josh Giddey', 32.9),
('Mikal Bridges', 22),
('Kelly Oubre Jr.', 24.7),
('Lonnie Walker IV', 19.9),
('Tyrese Maxey', 23.8),
('Joe Harris', 16.9),
('Luke Kennard', 22.1),
('Myles Turner', 35.5),
('Darius Bazley', 25.3),
('Georges Niang', 19.8),
('Jeremy Lamb', 18.5),
('Malik Beasley', 21.2),
('Derrick White', 26.3),
('Marcus Smart', 24.1),
('Mo Bamba', 33.9),
('Ricky Rubio', 24.7),
('Shake Milton', 19.7),
('Devin Vassell', 25.8),
('Kentavious Caldwell-Pope', 22.3),
('Cedi Osman', 15.2),
('Chris Paul', 36.8),
('Cory Joseph', 19.3),
('Jordan Poole', 22.5),
('Josh Hart', 24.6),
('Clint Capela', 30.1),
('Torrey Craig', 17.3),
('Herbert Jones', 20.7),
('Josh Jackson', 23.2),
('Nicolas Batum', 27.1),
('Bobby Portis', 16.6),
('Jalen Brunson', 24.2),
('Justin Holiday', 16.7),
('Keldon Johnson', 24.5),
('Michael Porter Jr.', 26.7),
('Duncan Robinson', 17.9),
('Kevin Porter Jr.', 24.4),
('Bryn Forbes', 11.2),
('Cody Martin', 25.4),
('De Andre Hunter', 14.2),
('Jaren Jackson Jr.', 21.9),
('Joe Ingles', 19.7),
('Tim Hardaway Jr.', 20.7),
('Alperen Sengun', 23.2),
('George Hill', 23.7),
('Jalen Green', 20),
('Nickeil Alexander-Walker', 23.9),
('Svi Mykhailiuk', 19.9),
('Lonzo Ball', 24.5),
('Naz Reid', 14.5),
('Trey Lyles', 16.8),
('Dwight Powell', 18.7),
('Jarrett Allen', 29.4),
('Robert Williams III', 27.1),
('Kyle Lowry', 29.1),
('De Anthony Melton', 28.4),
('Jalen McDaniels', 19.8),
('Kristaps Porzingis', 13.1),
('Kyle Anderson', 24.2),
('Dorian Finney-Smith', 20.6),
('Furkan Korkmaz', 18),
('Maxi Kleber', 22.6),
('Reggie Bullock', 13.6),
('Terrence Ross', 16.9),
('Tyus Jones', 20.8),
('Alex Caruso', 23),
('Derrick Favors', 14.1),
('Draymond Green', 42.3),
('Jarred Vanderbilt', 22.3),
('Terance Mann', 20.9),
('Derrick Rose', 13.2),
('Daniel Theis', 16.3),
('Josh Richardson', 14.1),
('Kevin Love', 20.8),
('Danuel House Jr.', 17.3),
('Jae Crowder', 24.9),
('Kelan Martin', 14.5),
('Otto Porter Jr.', 15),
('T.J. McConnell', 22.8),
('Danilo Gallinari', 14),
('Dewayne Dedmon', 18.9),
('Gary Harris', 10.3),
('Jaxson Hayes', 17.7),
('Andre Drummond', 26.7),
('JaVale McGee', 18.6),
('Jeff Green', 12.1),
('Mitchell Robinson', 19.7),
('Paul Millsap', 13.3),
('Rajon Rondo', 17.6),
('Avery Bradley', 13.8),
('Bones Hyland', 15.1),
('Bruce Brown', 21.5),
('P.J. Tucker', 17.2),
('Alec Burks', 12.7),
('Danny Green', 20.6),
('Kent Bazemore', 20.5),
('Nassir Little', 17.2),
('Alex Len', 15.5),
('Caleb Martin', 15.3),
('Hassan Whiteside', 17.8),
('Max Strus', 13.4),
('Skylar Mays', 7),
('Steven Adams', 20.2),
('Aaron Holiday', 10.8),
('Frank Ntilikina', 13.4),
('Frank Jackson', 13.1),
('Isaiah Stewart', 16),
('Kira Lewis Jr.', 13.2),
('Dalano Banton', 15.7),
('Davis Bertans', 8.5),
('Derrick Jones Jr.', 21.2),
('Larry Nance Jr.', 19.2),
('Malik Monk', 11.3),
('Patrick Beverley', 25.4),
('Royce O Neale', 20.4),
('Davion Mitchell', 13.8),
('DeAndre  Bembry', 17.4),
('Jae Sean Tate', 14.1),
('Mike Muscala', 16.2),
('Aleksej Pokusevski', 14.2),
('Cody Zeller', 15.5),
('DeAndre Jordan', 20.8),
('Deni Avdija', 15.4),
('Ayo Dosunmu', 10.4),
('Boban Marjanovic', 9.2),
('Chris Boucher', 15.6),
('Eugene Omoruyi', 11.1),
('Garrett Temple', 9),
('Khem Birch', 21.1),
('Killian Hayes', 19),
('Markieff Morris', 11.3),
('Matisse Thybulle', 22.7),
('Patrick Williams', 11.4),
('Precious Achiuwa', 15.8),
('Tony Snell', 7.2),
('Trey Murphy III', 8.7),
('Taj Gibson', 15.7),
('Blake Griffin', 13.5),
('Dwight Howard', 15.6),
('Ivica Zubac', 14.9),
('Jordan Nwora', 9),
('Kenyon Martin Jr.', 11.2),
('Pat Connaughton', 17.1),
('Cameron Johnson', 15.7),
('Jabari Parker', 8.5),
('Trey Burke', 7.6),
('Javonte Green', 14.7),
('Kevon Looney', 16.8),
('Lou Williams', 7.9),
('Patty Mills', 13.9),
('Raul Neto', 17.4),
('Austin Reaves', 8.3),
('Jeremiah Robinson-Earl', 12.2),
('Mason Plumlee', 20.9),
('Obi Toppin', 14.5),
('Chuma Okeke', 10.3),
('Elfrid Payton', 7.9),
('Eric Paschall', 10.7),
('Ignas Brazdeikis', 7.6),
('Immanuel Quickley', 9.4),
('Isaiah Roby', 7.8),
('Jock Landale', 6.4),
('Justin Robinson', 9),
('Keita Bates-Diop', 15.3),
('Zeke Nnaji', 9.8),
('Moritz Wagner', 7.7),
('Xavier Tillman', 14.7),
('Ziaire Williams', 10.4),
('Eric Bledsoe', 13.6),
('Gabriel Deck', 6.7),
('Ish Smith', 10.8),
('Robert Covington', 14.1),
('Sam Merrill', 5.8),
('Santi Aldama', 6.3),
('Rodney Hood', 7.8),
('Tre Jones', 8.8),
('Ty Jerome', 12.1),
('JaMychal Green', 12.3),
('R.J. Hampton', 6),
('Bol Bol', 10.9),
('Brandon Clarke', 8.7),
('Doug McDermott', 5.2),
('Grant Williams', 9.6),
('Hamidou Diallo', 7.5),
('Jalen Johnson', 4),
('Jalen Smith', 15),
('Luka Garza', 6.1),
('Nemanja Bjelica', 14.6),
('PJ Dozier', 11.8),
('Thaddeus Young', 15.6),
('Thanasis Antetokounmpo', 18.5),
('Drew Eubanks', 13),
('David Nwaba', 8.2),
('Isaiah Joe', 5.5),
('Daniel Gafford', 15.9),
('Facundo Campazzo', 9.4),
('Kenrich Williams', 11.1),
('Landry Shamet', 7.4),
('Dennis Smith Jr.', 7.4),
('Jaden McDaniels', 13.5),
('Brad Wanamaker', 11.6),
('Chris Chiozza', 8.8),
('D.J. Augustin', 4.2),
('James Johnson', 9.3),
('Jamorko Pickett', 3),
('Jonathan Kuminga', 4),
('Juan Toscano-Anderson', 10.3),
('Moses Moody', 4.8),
('Mychal Mulder', 4.2),
('Nick Richards', 4.3),
('Romeo Langford', 7.7),
('Tomas Satoransky', 2),
('Willie Cauley-Stein', 8.7),
('Delon Wright', 8.1),
('Theo Maledon', 7.4),
('Dylan Windler', 5.8),
('Isaiah Hartenstein', 17.9),
('Jevon Carter', 10.1),
('Naji Marshall', 12.1),
('Tony Bradley', 11.5),
('Day Ron Sharpe', 3.7),
('Duane Washington Jr.', 3.1),
('Oshae Brissett', 4.2),
('Payton Pritchard', 5.4),
('Tre Mann', 6.4),
('Troy Brown Jr.', 5.5),
('Dean Wade', 7),
('Justise Winslow', 3),
('Lamar Stevens', 8.5),
('Taurean Prince', 3.2),
('John Konchar', 9.7),
('Abdel Nader', 1),
('Alize Johnson', 2),
('Austin Rivers', 3.3),
('Cade Cunningham', 14.4),
('Enes Freedom', 5.6),
('Gary Payton II', 3.9),
('Isaiah Jackson', 9.8),
('Jordan McLaughlin', 5.5),
('Josh Christopher', 3.6),
('Josh Okogie', 9),
('Udonis Haslem', 3.2),
('Corey Kispert', 7),
('Amir Coffey', 4.2),
('Andre Iguodala', 16.5),
('CJ Elleby', 2.1),
('Kevin Huerter', 8.5),
('Armoni Brooks', 2.7),
('Gorgui Dieng', 10),
('Sterling Brown', 2.4),
('Greg Brown III', 6.5),
('Maurice Harkless', 9.2),
('Moses Brown', 5.3),
('Paul Reed', 4.2),
('Terence Davis', 4.2),
('Charles Bassey', 1),
('Denzel Valentine', 1.4),
('Jared Butler', 7.1),
('Jarrett Culver', 2.2),
('Justin Champagnie', 4.8),
('Malachi Flynn', 2.4),
('Omer Yurtseven', 1.7),
('Saben Lee', 5.7),
('Timothe Luwawu-Cabarrot', 2.7),
('Trent Forrest', 2.3),
('Goga Bitadze', 4.1),
('Aaron Nesmith', 0),
('Bruno Fernando', 0),
('Cam Thomas', 0.8),
('David Johnson', 0),
('DeJon Jarreau', 0),
('Ed Davis', 0.6),
('Elijah Hughes', 1.2),
('Gabe Vincent', 1.5),
('Georgios Kalaitzakis', 0),
('Isaac Bonga', 0),
('Jay Scrubb', 0),
('Jericho Sims', 0.2),
('Josh Green', 5.5),
('Juancho Hernangomez', 0),
('KZ Okpala', 0.6),
('Kevin Pangos', 0),
('Killian Tillie', 6.4),
('Leandro Bolmaro', 1.2),
('Malik Fitts', 1.2),
('Markus Howard', 0),
('Miles McBride', 0),
('Nathan Knight', 1.2),
('Robin Lopez', 3.5),
('Rodney McGruder', 3),
('Sam Dekker', 0),
('Sandro Mamukelashvili', 0.1),
('Semi Ojeleye', 3.9),
('Usman Garuba', 6.3),
('Willy Hernangomez', 0);

-- --------------------------------------------------------

--
-- Struttura della tabella `fantasypointsgiornata3`
--

CREATE TABLE `fantasypointsgiornata3` (
  `Nome` varchar(24) DEFAULT NULL,
  `Fantasy Points` decimal(3,1) DEFAULT NULL
) ENGINE=InnoDB DEFAULT CHARSET=utf8 COLLATE=utf8_general_ci;

--
-- Dump dei dati per la tabella `fantasypointsgiornata3`
--

INSERT INTO `fantasypointsgiornata3` (`Nome`, `Fantasy Points`) VALUES
('Nikola Jokic', '59.5'),
('Giannis Antetokounmpo', '56.5'),
('LeBron James', '51.8'),
('D Angelo Russell', '50.5'),
('Stephen Curry', '49.7'),
('Kevin Durant', '49.6'),
('Anthony Davis', '49.6'),
('Dejounte Murray', '48.9'),
('Donovan Mitchell', '47.7'),
('LaMelo Ball', '47.4'),
('Julius Randle', '46.6'),
('Chris Paul', '46.4'),
('Jarrett Allen', '46.3'),
('Myles Turner', '45.1'),
('Luka Doncic', '44.7'),
('Devin Booker', '44.1'),
('Trae Young', '44.0'),
('Paul George', '44.0'),
('Joel Embiid', '43.4'),
('DeMar DeRozan', '43.2'),
('Will Barton', '42.5'),
('Shai Gilgeous-Alexander', '42.4'),
('Fred VanVleet', '42.2'),
('Jimmy Butler', '41.7'),
('Anthony Edwards', '41.6'),
('Rudy Gobert', '41.5'),
('Russell Westbrook', '41.3'),
('Zach LaVine', '41.0'),
('James Harden', '40.9'),
('Cole Anthony', '39.8'),
('Karl-Anthony Towns', '39.7'),
('Bradley Beal', '39.7'),
('Ja Morant', '39.5'),
('Miles Bridges', '39.3'),
('Wendell Carter Jr.', '39.0'),
('Damian Lillard', '38.8'),
('Jonas Valanciunas', '38.7'),
('Christian Wood', '38.6'),
('Scottie Barnes', '38.1'),
('Mike Conley', '37.5'),
('De Aaron Fox', '37.4'),
('Malcolm Brogdon', '37.1'),
('Jayson Tatum', '36.8'),
('O.G. Anunoby', '36.8'),
('Jalen Brunson', '36.4'),
('Jordan Poole', '35.9'),
('Norman Powell', '35.8'),
('Jaren Jackson Jr.', '35.7'),
('Reggie Jackson', '35.4'),
('Caris LeVert', '35.1'),
('Harrison Barnes', '34.8'),
('Jaylen Brown', '34.8'),
('Tyrese Haliburton', '34.7'),
('CJ McCollum', '34.0'),
('Tyrese Maxey', '33.9'),
('Kristaps Porzingis', '33.8'),
('Evan Mobley', '33.5'),
('Deandre Ayton', '33.2'),
('Keldon Johnson', '33.1'),
('Jusuf Nurkic', '32.7'),
('Kyle Lowry', '32.4'),
('Darius Garland', '32.2'),
('Bam Adebayo', '32.2'),
('Montrezl Harrell', '32.1'),
('Nikola Vucevic', '32.1'),
('Bobby Portis', '31.8'),
('John Collins', '31.8'),
('Al Horford', '31.7'),
('Mo Bamba', '31.6'),
('Nicolas Batum', '31.4'),
('Thaddeus Young', '31.4'),
('Ivica Zubac', '31.1'),
('Gordon Hayward', '30.9'),
('Gary Trent Jr.', '30.9'),
('Jerami Grant', '30.3'),
('Pascal Siakam', '30.3'),
('Ricky Rubio', '30.2'),
('Carmelo Anthony', '30.0'),
('Grayson Allen', '29.6'),
('Jae Sean Tate', '29.5'),
('Buddy Hield', '29.2'),
('Draymond Green', '28.8'),
('Domantas Sabonis', '28.3'),
('Drew Eubanks', '28.2'),
('Robert Covington', '28.1'),
('T.J. McConnell', '28.0'),
('Darius Bazley', '27.9'),
('Derrick Rose', '27.8'),
('Tim Hardaway Jr.', '27.7'),
('Josh Hart', '27.6'),
('Daniel Theis', '27.5'),
('Tyler Herro', '27.4'),
('Furkan Korkmaz', '27.3'),
('Dennis Schroder', '27.0'),
('Clint Capela', '27.0'),
('Gary Payton II', '27.0'),
('Richaun Holmes', '26.9'),
('Danny Green', '26.7'),
('Terance Mann', '26.7'),
('Royce O Neale', '26.4'),
('Devonte  Graham', '26.4'),
('Derrick White', '26.1'),
('Josh Giddey', '26.0'),
('Kevin Porter Jr.', '26.0'),
('Shake Milton', '25.8'),
('RJ Barrett', '25.6'),
('Bojan Bogdanovic', '25.5'),
('Garrett Temple', '25.5'),
('Lonzo Ball', '25.4'),
('LaMarcus Aldridge', '25.2'),
('Devin Vassell', '25.1'),
('Kentavious Caldwell-Pope', '25.0'),
('Terry Rozier', '25.0'),
('Robert Williams III', '24.8'),
('Mikal Bridges', '24.7'),
('Blake Griffin', '24.6'),
('Matisse Thybulle', '24.6'),
('Seth Curry', '24.5'),
('Davion Mitchell', '24.4'),
('Patrick Beverley', '24.3'),
('Mitchell Robinson', '24.3'),
('Daniel Gafford', '24.2'),
('Taj Gibson', '24.1'),
('Frank Kaminsky', '24.1'),
('Eric Bledsoe', '24.0'),
('Jae Crowder', '24.0'),
('De Anthony Melton', '24.0'),
('Kenrich Williams', '24.0'),
('Andre Drummond', '23.9'),
('Kyle Anderson', '23.7'),
('Isaiah Stewart', '23.3'),
('Hassan Whiteside', '23.2'),
('Cade Cunningham', '22.9'),
('Sekou Doumbouya', '22.8'),
('Kelly Olynyk', '22.8'),
('Chris Duarte', '22.7'),
('Precious Achiuwa', '22.4'),
('Mason Plumlee', '22.4'),
('Kyle Kuzma', '22.4'),
('Georges Niang', '22.2'),
('Saddiq Bey', '21.9'),
('JaVale McGee', '21.9'),
('Deni Avdija', '21.8'),
('Joe Harris', '21.8'),
('Nerlens Noel', '21.4'),
('Monte Morris', '21.3'),
('Otto Porter Jr.', '21.3'),
('Luguentz Dort', '21.3'),
('Nickeil Alexander-Walker', '21.2'),
('Andrew Wiggins', '21.1'),
('Brandon Clarke', '20.9'),
('Bogdan Bogdanovic', '20.7'),
('Jrue Holiday', '20.7'),
('Josh Richardson', '20.6'),
('Dwight Powell', '20.5'),
('Alex Caruso', '20.3'),
('Desmond Bane', '20.3'),
('Franz Wagner', '20.3'),
('De Andre Hunter', '20.3'),
('Khem Birch', '20.3'),
('Evan Fournier', '20.2'),
('Mike Muscala', '20.2'),
('Javonte Green', '20.1'),
('Aaron Gordon', '20.1'),
('Anfernee Simons', '20.1'),
('Cameron Payne', '20.0'),
('Marcus Smart', '20.0'),
('Jordan Clarkson', '19.8'),
('Alperen Sengun', '19.7'),
('Lonnie Walker IV', '19.5'),
('Derrick Favors', '19.5'),
('Luke Kennard', '19.4'),
('Nemanja Bjelica', '19.3'),
('Killian Hayes', '19.2'),
('Collin Sexton', '18.9'),
('Alex Len', '18.7'),
('Pat Connaughton', '18.7'),
('Jalen Green', '18.6'),
('Dorian Finney-Smith', '18.6'),
('Spencer Dinwiddie', '18.4'),
('Dwight Howard', '18.2'),
('Malik Beasley', '18.0'),
('Andre Iguodala', '17.8'),
('Naz Reid', '17.8'),
('Elfrid Payton', '17.7'),
('R.J. Hampton', '17.6'),
('Raul Neto', '17.4'),
('Cody Martin', '17.3'),
('Joe Ingles', '17.3'),
('Tyus Jones', '17.2'),
('Cedi Osman', '17.2'),
('Ty Jerome', '17.2'),
('Isaiah Hartenstein', '17.1'),
('Torrey Craig', '17.1'),
('Alec Burks', '17.1'),
('Dean Wade', '17.1'),
('PJ Dozier', '17.0'),
('Steven Adams', '16.6'),
('Kenyon Martin Jr.', '16.5'),
('Michael Porter Jr.', '16.5'),
('Ziaire Williams', '16.5'),
('Jordan Nwora', '16.3'),
('Damion Lee', '16.3'),
('Jalen Suggs', '16.1'),
('Immanuel Quickley', '15.9'),
('Derrick Jones Jr.', '15.9'),
('Jarred Vanderbilt', '15.7'),
('Cory Joseph', '15.6'),
('Chuma Okeke', '15.5'),
('Jaden McDaniels', '15.5'),
('George Hill', '15.5'),
('Bruce Brown', '15.3'),
('DeAndre Jordan', '15.2'),
('Kemba Walker', '15.2'),
('Landry Shamet', '15.0'),
('Herbert Jones', '14.9'),
('Kevin Huerter', '14.9'),
('David Nwaba', '14.8'),
('Paul Reed', '14.8'),
('Dalano Banton', '14.6'),
('Dennis Smith Jr.', '14.6'),
('Austin Reaves', '14.3'),
('Larry Nance Jr.', '14.3'),
('Duncan Robinson', '14.2'),
('Eric Gordon', '14.0'),
('P.J. Tucker', '13.8'),
('Juan Toscano-Anderson', '13.7'),
('Reggie Bullock', '13.6'),
('Gary Harris', '13.6'),
('Patty Mills', '13.5'),
('JaMychal Green', '13.4'),
('Cameron Johnson', '13.3'),
('Frank Jackson', '13.2'),
('Kelly Oubre Jr.', '13.1'),
('Maurice Harkless', '13.1'),
('Malik Monk', '13.1'),
('Nassir Little', '12.9'),
('Markieff Morris', '12.9'),
('Trey Lyles', '12.8'),
('Bones Hyland', '12.7'),
('Dylan Windler', '12.7'),
('Aaron Holiday', '12.6'),
('Tony Bradley', '12.5'),
('Kevon Looney', '12.4'),
('Rajon Rondo', '12.4'),
('Tomas Satoransky', '12.4'),
('Obi Toppin', '12.2'),
('Josh Jackson', '12.1'),
('Danilo Gallinari', '12.1'),
('Avery Bradley', '12.0'),
('P.J. Washington', '12.0'),
('Terrence Ross', '12.0'),
('Jeremiah Robinson-Earl', '11.7'),
('Naji Marshall', '11.6'),
('Josh Christopher', '11.6'),
('Thanasis Antetokounmpo', '11.6'),
('Jarrett Culver', '11.4'),
('Romeo Langford', '11.3'),
('Jeff Green', '11.2'),
('Delon Wright', '11.1'),
('Jordan McLaughlin', '11.1'),
('Cody Zeller', '10.9'),
('Justin Holiday', '10.9'),
('DeAndre  Bembry', '10.9'),
('Doug McDermott', '10.8'),
('Jaxson Hayes', '10.7'),
('Lou Williams', '10.6'),
('Svi Mykhailiuk', '10.6'),
('Dewayne Dedmon', '10.5'),
('Frank Ntilikina', '10.5'),
('D.J. Augustin', '10.3'),
('Brad Wanamaker', '10.3'),
('Trey Murphy III', '10.2'),
('Terence Davis', '10.2'),
('Nick Richards', '10.2'),
('Cam Reddish', '10.1'),
('Kent Bazemore', '10.1'),
('Ayo Dosunmu', '10.0'),
('Josh Okogie', '9.9'),
('Chimezie Metu', '9.9'),
('Rodney Hood', '9.8'),
('Malachi Flynn', '9.7'),
('Wayne Ellington', '9.7'),
('Sterling Brown', '9.7'),
('Xavier Tillman', '9.7'),
('Aaron Nesmith', '9.6'),
('Boban Marjanovic', '9.2'),
('John Konchar', '9.1'),
('Austin Rivers', '8.5'),
('Caleb Martin', '8.4'),
('Hamidou Diallo', '8.4'),
('Usman Garuba', '8.4'),
('Corey Kispert', '8.2'),
('Chris Boucher', '8.2'),
('Tristan Thompson', '8.1'),
('Facundo Campazzo', '7.9'),
('Armoni Brooks', '7.7'),
('Semi Ojeleye', '7.4'),
('Willy Hernangomez', '7.4'),
('Damian Jones', '7.4'),
('Justin Robinson', '7.3'),
('Killian Tillie', '7.2'),
('Timothe Luwawu-Cabarrot', '7.0'),
('Abdel Nader', '6.8'),
('Taurean Prince', '6.7'),
('Eric Paschall', '6.7'),
('Keita Bates-Diop', '6.6'),
('Goga Bitadze', '6.6'),
('Sam Merrill', '6.4'),
('Kira Lewis Jr.', '6.2'),
('Luka Garza', '6.2'),
('Trent Forrest', '6.2'),
('Georgios Kalaitzakis', '6.0'),
('Saben Lee', '6.0'),
('Tre Jones', '5.9'),
('Paul Millsap', '5.9'),
('Gorgui Dieng', '5.8'),
('Aleksej Pokusevski', '5.4'),
('Kelan Martin', '5.2'),
('Moritz Wagner', '4.9'),
('Jaylen Nowell', '4.8'),
('Jose Alvarado', '4.8'),
('Serge Ibaka', '4.7'),
('Jalen McDaniels', '4.7'),
('Jeremy Lamb', '4.4'),
('Santi Aldama', '4.4'),
('Jevon Carter', '4.3'),
('Day Ron Sharpe', '4.2'),
('Jake Layman', '4.2'),
('Justise Winslow', '4.2'),
('Sandro Mamukelashvili', '4.0'),
('Jay Huff', '3.9'),
('Lamar Stevens', '3.9'),
('Solomon Hill', '3.9'),
('Moses Moody', '3.7'),
('Ish Smith', '3.7'),
('Payton Pritchard', '3.6'),
('Quentin Grimes', '3.6'),
('Jared Butler', '3.5'),
('Eugene Omoruyi', '3.4'),
('Gabe Vincent', '3.4'),
('Willie Cauley-Stein', '3.4'),
('Greg Brown III', '3.2'),
('Nathan Knight', '3.2'),
('Isaiah Joe', '3.0'),
('Miye Oni', '2.7'),
('Bryn Forbes', '2.6'),
('Skylar Mays', '2.5'),
('Grant Williams', '2.3'),
('Omer Yurtseven', '2.1'),
('Juancho Hernangomez', '2.1'),
('Ben McLemore', '2.0'),
('Denzel Valentine', '2.0'),
('Jalen Johnson', '2.0'),
('Troy Brown Jr.', '2.0'),
('Zeke Nnaji', '2.0'),
('Didi Louzada', '2.0'),
('Jonathan Kuminga', '1.8'),
('Josh Green', '1.7'),
('Mychal Mulder', '1.7'),
('Brandon Boston Jr.', '1.5'),
('JaQuori McLaughlin', '1.5'),
('Rodney McGruder', '1.4'),
('Theo Maledon', '1.4'),
('Bruno Fernando', '1.3'),
('Jeff Dowtin Jr.', '1.2'),
('Kevin Knox II', '1.2'),
('Matt Thomas', '1.2'),
('Udonis Haslem', '1.2'),
('Vit Krejci', '1.2'),
('Moses Brown', '1.0'),
('Tony Snell', '0.9'),
('Chris Chiozza', '0.7'),
('Cam Thomas', '0.5'),
('James Bouknight', '0.4'),
('Amir Coffey', '0.2'),
('Leandro Bolmaro', '0.2'),
('Alize Johnson', '0.0'),
('Bol Bol', '0.0'),
('CJ Elleby', '0.0'),
('Elijah Hughes', '0.0'),
('Ignas Brazdeikis', '0.0'),
('Jahmi us Ramsey', '0.0'),
('Jericho Sims', '0.0'),
('Justin Champagnie', '0.0'),
('KZ Okpala', '0.0'),
('Keon Johnson', '0.0'),
('Malik Fitts', '0.0'),
('Markus Howard', '0.0'),
('Miles McBride', '0.0'),
('Tacko Fall', '0.0'),
('Kai Jones', '-0.5'),
('Jabari Parker', '-1.0');

-- --------------------------------------------------------

--
-- Struttura della tabella `fantasypointsgiornata4`
--

CREATE TABLE `fantasypointsgiornata4` (
  `Nome` varchar(24) DEFAULT NULL,
  `Fantasy Points` decimal(3,1) DEFAULT NULL
) ENGINE=InnoDB DEFAULT CHARSET=utf8 COLLATE=utf8_general_ci;

--
-- Dump dei dati per la tabella `fantasypointsgiornata4`
--

INSERT INTO `fantasypointsgiornata4` (`Nome`, `Fantasy Points`) VALUES
('Luka Doncic', '60.9'),
('Nikola Jokic', '58.8'),
('Giannis Antetokounmpo', '52.4'),
('James Harden', '51.8'),
('Ja Morant', '50.5'),
('Stephen Curry', '49.2'),
('Bam Adebayo', '48.0'),
('Anthony Davis', '48.0'),
('Donovan Mitchell', '46.8'),
('Kristaps Porzingis', '46.3'),
('LaMelo Ball', '46.2'),
('Trae Young', '45.0'),
('Paul George', '43.9'),
('Malcolm Brogdon', '43.8'),
('Tyrese Maxey', '43.7'),
('Dejounte Murray', '43.6'),
('Karl-Anthony Towns', '43.5'),
('Kevin Durant', '43.3'),
('Fred VanVleet', '42.7'),
('Damian Lillard', '42.6'),
('De Aaron Fox', '42.6'),
('Spencer Dinwiddie', '42.2'),
('Chris Paul', '42.1'),
('Russell Westbrook', '41.7'),
('Clint Capela', '41.6'),
('Andre Drummond', '41.5'),
('DeMar DeRozan', '41.5'),
('Tobias Harris', '41.3'),
('Jonas Valanciunas', '40.6'),
('Jayson Tatum', '40.3'),
('Domantas Sabonis', '39.8'),
('Mo Bamba', '39.4'),
('Miles Bridges', '39.2'),
('Devin Booker', '38.7'),
('Jrue Holiday', '38.4'),
('Andrew Wiggins', '38.1'),
('Tyler Herro', '38.1'),
('Cole Anthony', '37.8'),
('Nikola Vucevic', '37.0'),
('Pascal Siakam', '37.0'),
('Anthony Edwards', '37.0'),
('Montrezl Harrell', '36.6'),
('CJ McCollum', '35.9'),
('Deandre Ayton', '35.9'),
('Lonzo Ball', '35.8'),
('Marcus Smart', '35.7'),
('Rudy Gobert', '35.5'),
('Kyle Lowry', '35.5'),
('Evan Mobley', '35.2'),
('Brandon Ingram', '34.8'),
('Brandon Ingram', '34.8'),
('D Angelo Russell', '34.5'),
('Ricky Rubio', '34.5'),
('Tyrese Haliburton', '34.3'),
('Gordon Hayward', '33.9'),
('Eric Bledsoe', '33.8'),
('Talen Horton-Tucker', '33.8'),
('Zach LaVine', '33.6'),
('Keldon Johnson', '33.5'),
('Myles Turner', '33.0'),
('O.G. Anunoby', '32.9'),
('John Collins', '32.7'),
('Goran Dragic', '32.5'),
('Richaun Holmes', '32.4'),
('Shai Gilgeous-Alexander', '32.3'),
('Robert Williams III', '32.1'),
('Duncan Robinson', '32.0'),
('Luguentz Dort', '31.9'),
('Saddiq Bey', '31.8'),
('Gary Trent Jr.', '31.6'),
('Dennis Schroder', '31.2'),
('Jerami Grant', '31.2'),
('Jaren Jackson Jr.', '31.1'),
('Cade Cunningham', '31.1'),
('Thaddeus Young', '30.8'),
('Precious Achiuwa', '30.6'),
('Nickeil Alexander-Walker', '30.3'),
('Scottie Barnes', '30.3'),
('Dillon Brooks', '30.2'),
('Bobby Portis', '30.2'),
('Al Horford', '30.1'),
('Darius Garland', '30.0'),
('Bradley Beal', '29.9'),
('Steven Adams', '29.9'),
('Kyle Kuzma', '29.9'),
('Draymond Green', '29.8'),
('Derrick Rose', '29.6'),
('Will Barton', '29.1'),
('LaMarcus Aldridge', '29.0'),
('Kevin Porter Jr.', '28.8'),
('Reggie Jackson', '28.8'),
('Kelly Olynyk', '28.7'),
('Jarrett Allen', '28.7'),
('Monte Morris', '28.4'),
('Devin Vassell', '28.1'),
('Terry Rozier', '28.0'),
('Cedi Osman', '28.0'),
('Aaron Gordon', '27.9'),
('Wendell Carter Jr.', '27.9'),
('Franz Wagner', '27.4'),
('Pat Connaughton', '27.4'),
('Alex Caruso', '27.3'),
('Grayson Allen', '27.2'),
('Christian Wood', '27.1'),
('Jalen Brunson', '27.1'),
('T.J. McConnell', '27.0'),
('JaVale McGee', '26.6'),
('Julius Randle', '26.4'),
('Josh Hart', '26.3'),
('Seth Curry', '26.3'),
('Chimezie Metu', '26.2'),
('Harrison Barnes', '26.2'),
('Josh Giddey', '26.2'),
('Ivica Zubac', '26.0'),
('Kelly Oubre Jr.', '25.9'),
('Kevon Looney', '25.8'),
('Devonte  Graham', '25.8'),
('Nassir Little', '25.7'),
('Tim Hardaway Jr.', '25.4'),
('Frank Kaminsky', '25.1'),
('Jordan Clarkson', '25.0'),
('Jusuf Nurkic', '24.9'),
('P.J. Tucker', '24.9'),
('Nicolas Batum', '24.7'),
('Isaiah Stewart', '24.6'),
('Caris LeVert', '24.5'),
('Darius Bazley', '24.2'),
('Dorian Finney-Smith', '24.1'),
('Killian Hayes', '24.1'),
('Mike Conley', '24.0'),
('Josh Richardson', '23.9'),
('Immanuel Quickley', '23.6'),
('Alec Burks', '23.6'),
('Mason Plumlee', '23.5'),
('Jae Sean Tate', '23.5'),
('Zeke Nnaji', '23.5'),
('Alperen Sengun', '23.4'),
('Isaiah Hartenstein', '23.1'),
('Kentavious Caldwell-Pope', '22.9'),
('Buddy Hield', '22.8'),
('Norman Powell', '22.5'),
('Georges Niang', '22.4'),
('Bruce Brown', '22.3'),
('Eric Gordon', '22.3'),
('Jordan Poole', '22.3'),
('Kyle Anderson', '22.2'),
('George Hill', '22.0'),
('Drew Eubanks', '21.9'),
('Malik Monk', '21.9'),
('Kemba Walker', '21.8'),
('Jae Crowder', '21.7'),
('Naz Reid', '21.6'),
('KZ Okpala', '20.9'),
('Kevin Huerter', '20.8'),
('Derrick White', '20.8'),
('Brandon Clarke', '20.7'),
('Carmelo Anthony', '20.6'),
('Bojan Bogdanovic', '20.6'),
('Patrick Beverley', '20.6'),
('Bones Hyland', '20.5'),
('Davion Mitchell', '20.5'),
('Lonnie Walker IV', '20.4'),
('Mikal Bridges', '20.3'),
('Bogdan Bogdanovic', '20.3'),
('Jeremiah Robinson-Earl', '20.2'),
('Deni Avdija', '20.2'),
('Jalen Green', '19.9'),
('Jeff Green', '19.8'),
('Herbert Jones', '19.8'),
('Daniel Gafford', '19.7'),
('Furkan Korkmaz', '19.5'),
('Terrence Ross', '19.5'),
('Cameron Johnson', '19.5'),
('Jarred Vanderbilt', '19.3'),
('Royce O Neale', '19.2'),
('Obi Toppin', '19.0'),
('Cody Martin', '18.9'),
('Dwight Powell', '18.8'),
('Gary Payton II', '18.8'),
('Alex Len', '18.7'),
('Josh Jackson', '18.7'),
('Aaron Holiday', '18.5'),
('Dennis Smith Jr.', '18.5'),
('Doug McDermott', '18.5'),
('Kelan Martin', '18.4'),
('Robert Covington', '18.3'),
('R.J. Hampton', '18.2'),
('Danny Green', '18.0'),
('Rajon Rondo', '17.9'),
('Larry Nance Jr.', '17.8'),
('Andre Iguodala', '17.7'),
('Joe Harris', '17.7'),
('PJ Dozier', '17.7'),
('Derrick Jones Jr.', '17.6'),
('Desmond Bane', '17.5'),
('Garrett Temple', '17.5'),
('Shake Milton', '17.5'),
('Patty Mills', '17.4'),
('Semi Ojeleye', '17.4'),
('Jonathan Kuminga', '17.4'),
('Justin Holiday', '17.1'),
('Luke Kennard', '16.9'),
('Taj Gibson', '16.9'),
('Paul Reed', '16.8'),
('Cam Reddish', '16.6'),
('Dwight Howard', '16.4'),
('Blake Griffin', '16.3'),
('Isaac Okoro', '16.3'),
('Mitchell Robinson', '16.3'),
('Jay Scrubb', '16.2'),
('Aleksej Pokusevski', '16.0'),
('Jaden McDaniels', '15.9'),
('Chris Duarte', '15.9'),
('Terance Mann', '15.7'),
('Tristan Thompson', '15.5'),
('Cameron Payne', '15.5'),
('Hassan Whiteside', '15.5'),
('Jalen Suggs', '15.3'),
('Malik Beasley', '15.3'),
('Daniel Theis', '15.3'),
('Day Ron Sharpe', '15.0'),
('De Anthony Melton', '14.9'),
('RJ Barrett', '14.9'),
('Max Strus', '14.8'),
('Nemanja Bjelica', '14.8'),
('Kenrich Williams', '14.7'),
('JaMychal Green', '14.6'),
('Jimmy Butler', '14.5'),
('Goga Bitadze', '14.4'),
('Danilo Gallinari', '14.4'),
('Jalen McDaniels', '14.3'),
('Luka Garza', '14.2'),
('Landry Shamet', '14.1'),
('John Konchar', '13.8'),
('Avery Bradley', '13.8'),
('Otto Porter Jr.', '13.7'),
('Kenyon Martin Jr.', '13.6'),
('Anfernee Simons', '13.6'),
('Jevon Carter', '13.4'),
('Raul Neto', '13.4'),
('Aaron Wiggins', '13.1'),
('Jaylen Nowell', '13.1'),
('Wayne Ellington', '13.0'),
('Dewayne Dedmon', '12.8'),
('Jaxson Hayes', '12.7'),
('Derrick Favors', '12.6'),
('Marvin Bagley III', '12.6'),
('Grant Williams', '12.6'),
('Justise Winslow', '12.5'),
('Jordan Nwora', '12.5'),
('Trey Murphy III', '12.4'),
('Caleb Martin', '12.3'),
('Chris Boucher', '12.3'),
('Mike Muscala', '12.2'),
('Lou Williams', '12.2'),
('Evan Fournier', '11.9'),
('Khem Birch', '11.9'),
('Chuma Okeke', '11.9'),
('Danuel House Jr.', '11.8'),
('Nick Richards', '11.8'),
('Cody Zeller', '11.8'),
('Hamidou Diallo', '11.7'),
('Jabari Parker', '11.6'),
('Svi Mykhailiuk', '11.5'),
('Abdel Nader', '11.5'),
('Dylan Windler', '11.5'),
('Sekou Doumbouya', '11.4'),
('DeAndre  Bembry', '11.4'),
('Gabe Vincent', '11.4'),
('Alize Johnson', '11.1'),
('Frank Jackson', '11.0'),
('Delon Wright', '10.9'),
('Tony Bradley', '10.8'),
('Cory Joseph', '10.8'),
('Tomas Satoransky', '10.8'),
('Joe Ingles', '10.8'),
('DeAndre Jordan', '10.8'),
('Javonte Green', '10.6'),
('Isaiah Roby', '10.5'),
('Sterling Brown', '10.4'),
('Tyler Cook', '10.4'),
('Reggie Bullock', '10.3'),
('Eric Paschall', '10.0'),
('Bryn Forbes', '9.9'),
('Denzel Valentine', '9.9'),
('Garrison Mathews', '9.7'),
('Dalano Banton', '9.6'),
('Romeo Langford', '9.6'),
('Dean Wade', '9.4'),
('Sam Merrill', '9.2'),
('Juan Toscano-Anderson', '9.1'),
('David Nwaba', '9.0'),
('Trey Lyles', '9.0'),
('Xavier Tillman', '9.0'),
('Facundo Campazzo', '8.9'),
('Usman Garuba', '8.8'),
('Frank Ntilikina', '8.6'),
('Tre Mann', '8.5'),
('Ayo Dosunmu', '8.4'),
('Paul Millsap', '8.3'),
('Bol Bol', '8.2'),
('Damion Lee', '8.1'),
('Rodney McGruder', '8.1'),
('Gary Harris', '7.9'),
('Jeremy Lamb', '7.9'),
('Austin Rivers', '7.9'),
('Tyus Jones', '7.7'),
('Corey Kispert', '7.5'),
('Kira Lewis Jr.', '7.4'),
('Cam Thomas', '7.2'),
('Jarrett Culver', '7.2'),
('CJ Elleby', '7.1'),
('Santi Aldama', '7.1'),
('Solomon Hill', '7.0'),
('Ty Jerome', '6.8'),
('Ignas Brazdeikis', '6.7'),
('Josh Christopher', '6.7'),
('Ziaire Williams', '6.5'),
('Maurice Harkless', '6.5'),
('Torrey Craig', '6.4'),
('Ben McLemore', '6.2'),
('Terence Davis', '6.2'),
('Moritz Wagner', '6.1'),
('Kent Bazemore', '6.0'),
('Jahmi us Ramsey', '5.8'),
('Josh Okogie', '5.8'),
('Tre Jones', '5.7'),
('Gorgui Dieng', '5.6'),
('Aaron Nesmith', '5.6'),
('Saben Lee', '5.5'),
('Tony Snell', '5.4'),
('Enes Freedom', '5.4'),
('Justin Robinson', '5.4'),
('Trendon Watford', '5.0'),
('Charles Bassey', '5.0'),
('Rodney Hood', '4.6'),
('Lamar Stevens', '4.5'),
('Damian Jones', '4.5'),
('De Andre Hunter', '4.4'),
('Troy Brown Jr.', '4.3'),
('Kevin Pangos', '4.2'),
('Josh Green', '4.0'),
('Willie Cauley-Stein', '3.9'),
('Jordan McLaughlin', '3.6'),
('Serge Ibaka', '3.6'),
('Malachi Flynn', '3.5'),
('D.J. Augustin', '3.3'),
('Thanasis Antetokounmpo', '3.1'),
('Joe Wieskamp', '3.0'),
('Taurean Prince', '3.0'),
('James Johnson', '2.9'),
('Omer Yurtseven', '2.6'),
('Sharife Cooper', '2.5'),
('Timothe Luwawu-Cabarrot', '2.4'),
('Anthony Gill', '2.2'),
('Leandro Bolmaro', '2.2'),
('Moses Moody', '2.2'),
('Payton Pritchard', '2.1'),
('Amir Coffey', '2.1'),
('Juancho Hernangomez', '2.0'),
('Trey Burke', '2.0'),
('Udonis Haslem', '2.0'),
('Tacko Fall', '1.9'),
('Matt Thomas', '1.7'),
('Boban Marjanovic', '1.6'),
('Jake Layman', '1.6'),
('Joshua Primo', '1.5'),
('Miye Oni', '1.4'),
('Armoni Brooks', '1.3'),
('Coby White', '1.2'),
('Gabriel Deck', '1.2'),
('Jalen Johnson', '1.2'),
('Jalen Smith', '1.2'),
('Justin Champagnie', '1.2'),
('Oshae Brissett', '1.2'),
('Yves Pons', '1.2'),
('Skylar Mays', '1.1'),
('Jared Butler', '1.0'),
('Nathan Knight', '1.0'),
('Mychal Mulder', '0.6'),
('Markus Howard', '0.3'),
('Ish Smith', '0.1'),
('Brandon Boston Jr.', '0.0'),
('Chris Chiozza', '0.0'),
('Elijah Hughes', '0.0'),
('Keita Bates-Diop', '0.0'),
('Moses Brown', '0.0'),
('Udoka Azubuike', '0.0'),
('Trent Forrest', '-0.5'),
('Ed Davis', '-2.0');

-- --------------------------------------------------------

--
-- Struttura della tabella `fantasypointsgiornata5`
--

CREATE TABLE `fantasypointsgiornata5` (
  `Nome` varchar(24) DEFAULT NULL,
  `Fantasy Points` decimal(3,1) DEFAULT NULL
) ENGINE=InnoDB DEFAULT CHARSET=utf8 COLLATE=utf8_general_ci;

--
-- Dump dei dati per la tabella `fantasypointsgiornata5`
--

INSERT INTO `fantasypointsgiornata5` (`Nome`, `Fantasy Points`) VALUES
('Giannis Antetokounmpo', '62.1'),
('Anthony Davis', '55.0'),
('Nikola Jokic', '54.5'),
('Jayson Tatum', '53.6'),
('Jimmy Butler', '52.7'),
('LaMelo Ball', '51.5'),
('James Harden', '49.4'),
('Damian Lillard', '49.2'),
('Stephen Curry', '47.4'),
('Kristaps Porzingis', '46.7'),
('Dejounte Murray', '46.3'),
('Cade Cunningham', '45.4'),
('Rudy Gobert', '44.9'),
('Russell Westbrook', '42.6'),
('Paul George', '42.3'),
('Karl-Anthony Towns', '41.0'),
('Jarrett Allen', '41.0'),
('John Collins', '40.8'),
('Darius Garland', '40.7'),
('Jalen Brunson', '40.3'),
('Bradley Beal', '39.8'),
('Deandre Ayton', '39.4'),
('DeMar DeRozan', '38.4'),
('Ja Morant', '38.1'),
('Jerami Grant', '37.9'),
('Kevin Durant', '37.8'),
('Tyrese Maxey', '37.8'),
('Trae Young', '37.5'),
('Jusuf Nurkic', '37.3'),
('Zach LaVine', '36.8'),
('Cole Anthony', '36.5'),
('Fred VanVleet', '36.2'),
('Julius Randle', '36.2'),
('Bobby Portis', '36.0'),
('D Angelo Russell', '35.6'),
('Lauri Markkanen', '35.1'),
('Jaren Jackson Jr.', '35.0'),
('Aaron Gordon', '34.7'),
('Al Horford', '34.5'),
('Clint Capela', '34.4'),
('Patrick Beverley', '34.4'),
('Tobias Harris', '33.9'),
('Josh Giddey', '33.5'),
('Donovan Mitchell', '33.5'),
('Anthony Edwards', '33.4'),
('Josh Hart', '33.3'),
('Desmond Bane', '33.3'),
('Domantas Sabonis', '32.9'),
('Pascal Siakam', '32.8'),
('Gordon Hayward', '32.7'),
('Jonas Valanciunas', '32.6'),
('Shai Gilgeous-Alexander', '32.6'),
('Montrezl Harrell', '32.5'),
('Chris Paul', '32.5'),
('Draymond Green', '32.1'),
('Miles Bridges', '31.9'),
('Will Barton', '31.4'),
('Terry Rozier', '31.3'),
('Tyler Herro', '31.3'),
('Kyle Kuzma', '31.1'),
('Jrue Holiday', '31.1'),
('Andrew Wiggins', '30.5'),
('Marcus Smart', '30.5'),
('Larry Nance Jr.', '30.2'),
('Jordan Poole', '30.1'),
('Jarred Vanderbilt', '30.0'),
('Dennis Schroder', '30.0'),
('Scottie Barnes', '29.9'),
('Alec Burks', '29.7'),
('RJ Barrett', '29.5'),
('Devin Booker', '29.4'),
('Christian Wood', '29.3'),
('Khem Birch', '29.3'),
('Khris Middleton', '29.3'),
('Gary Trent Jr.', '28.5'),
('Malcolm Brogdon', '28.5'),
('Robert Covington', '28.4'),
('Kevin Huerter', '28.3'),
('Luguentz Dort', '28.3'),
('Tim Hardaway Jr.', '28.1'),
('Derrick White', '28.1'),
('Alex Caruso', '28.0'),
('Dean Wade', '27.9'),
('Bam Adebayo', '27.8'),
('De Aaron Fox', '27.5'),
('Mo Bamba', '27.5'),
('Ivica Zubac', '27.4'),
('Frank Jackson', '27.3'),
('Mikal Bridges', '27.3'),
('Ricky Rubio', '27.2'),
('LaMarcus Aldridge', '27.1'),
('Kyle Lowry', '27.1'),
('Bruce Brown', '26.7'),
('Jaylen Brown', '26.6'),
('LeBron James', '26.5'),
('CJ McCollum', '26.4'),
('Bojan Bogdanovic', '26.4'),
('Talen Horton-Tucker', '26.2'),
('Jalen Suggs', '26.1'),
('Jae Sean Tate', '26.0'),
('Danilo Gallinari', '25.9'),
('Harrison Barnes', '25.8'),
('Patty Mills', '25.7'),
('Andre Drummond', '25.7'),
('Mike Conley', '25.7'),
('Jeremiah Robinson-Earl', '25.6'),
('P.J. Tucker', '25.4'),
('Brandon Ingram', '25.4'),
('Isaac Okoro', '25.3'),
('Kevin Love', '25.2'),
('Pat Connaughton', '25.1'),
('Mitchell Robinson', '25.1'),
('Reggie Jackson', '25.0'),
('Lonzo Ball', '24.5'),
('Myles Turner', '24.5'),
('Cam Reddish', '24.4'),
('Cory Joseph', '24.4'),
('Jordan Clarkson', '24.3'),
('Tyrese Haliburton', '24.3'),
('Dillon Brooks', '24.2'),
('Kira Lewis Jr.', '24.0'),
('Matisse Thybulle', '23.8'),
('Daniel Gafford', '23.5'),
('Richaun Holmes', '23.5'),
('Robert Williams III', '23.5'),
('Willy Hernangomez', '23.4'),
('Eric Gordon', '23.1'),
('Hassan Whiteside', '22.9'),
('Norman Powell', '22.8'),
('Isaiah Hartenstein', '22.8'),
('Buddy Hield', '22.7'),
('Mason Plumlee', '22.6'),
('Cameron Payne', '22.5'),
('Chris Boucher', '22.5'),
('Saddiq Bey', '22.5'),
('R.J. Hampton', '22.4'),
('Shake Milton', '22.3'),
('Seth Curry', '22.3'),
('Nickeil Alexander-Walker', '22.2'),
('Devin Vassell', '22.2'),
('Grant Williams', '22.0'),
('Chuma Okeke', '21.8'),
('T.J. McConnell', '21.8'),
('Derrick Rose', '21.7'),
('Carmelo Anthony', '21.6'),
('Cody Martin', '21.6'),
('De Anthony Melton', '21.5'),
('JaVale McGee', '21.5'),
('Royce O Neale', '21.3'),
('Caleb Martin', '21.2'),
('James Johnson', '21.1'),
('Kevon Looney', '21.0'),
('Georges Niang', '21.0'),
('Kentavious Caldwell-Pope', '20.9'),
('Joe Ingles', '20.6'),
('Hamidou Diallo', '20.5'),
('Monte Morris', '20.5'),
('Chimezie Metu', '20.3'),
('Steven Adams', '20.3'),
('Cedi Osman', '20.3'),
('Torrey Craig', '20.3'),
('Landry Shamet', '20.3'),
('Wendell Carter Jr.', '20.2'),
('Precious Achiuwa', '20.1'),
('Nerlens Noel', '19.9'),
('Brandon Clarke', '19.8'),
('Ed Davis', '19.8'),
('Darius Bazley', '19.8'),
('Gabe Vincent', '19.8'),
('Jaden McDaniels', '19.6'),
('Kelly Oubre Jr.', '19.6'),
('Gary Payton II', '19.6'),
('Jalen Green', '19.5'),
('Keldon Johnson', '19.1'),
('Deni Avdija', '19.1'),
('Jeremy Lamb', '19.1'),
('Derrick Jones Jr.', '19.0'),
('Obi Toppin', '19.0'),
('Kenyon Martin Jr.', '19.0'),
('Luke Kennard', '18.9'),
('Jae Crowder', '18.7'),
('Ty Jerome', '18.7'),
('Cameron Johnson', '18.6'),
('Drew Eubanks', '18.5'),
('Terrence Ross', '18.5'),
('Bogdan Bogdanovic', '18.5'),
('Grayson Allen', '18.2'),
('Tyus Jones', '17.9'),
('Jakob Poeltl', '17.9'),
('Kyle Anderson', '17.8'),
('Mike Muscala', '17.8'),
('Charles Bassey', '17.8'),
('Caris LeVert', '17.8'),
('Dwight Powell', '17.7'),
('Jordan Nwora', '17.7'),
('Alperen Sengun', '17.6'),
('Killian Hayes', '17.6'),
('Furkan Korkmaz', '17.5'),
('Franz Wagner', '17.4'),
('Chris Duarte', '17.2'),
('Eric Bledsoe', '17.2'),
('Lonnie Walker IV', '17.2'),
('Dorian Finney-Smith', '17.0'),
('Josh Richardson', '16.8'),
('Justin Holiday', '16.7'),
('Daniel Theis', '16.7'),
('JaMychal Green', '16.6'),
('Frank Ntilikina', '16.6'),
('Kemba Walker', '16.5'),
('Naz Reid', '16.4'),
('Immanuel Quickley', '16.3'),
('Josh Jackson', '16.3'),
('Facundo Campazzo', '16.2'),
('Malik Beasley', '16.2'),
('Blake Griffin', '16.1'),
('Rudy Gay', '16.1'),
('Herbert Jones', '16.1'),
('Kelan Martin', '16.0'),
('Derrick Favors', '15.9'),
('Austin Rivers', '15.7'),
('Duncan Robinson', '15.7'),
('Nemanja Bjelica', '15.7'),
('Davion Mitchell', '15.5'),
('Devonte  Graham', '15.2'),
('Doug McDermott', '15.2'),
('Enes Freedom', '15.2'),
('Dwight Howard', '15.1'),
('Troy Brown Jr.', '15.0'),
('Robin Lopez', '15.0'),
('Otto Porter Jr.', '14.9'),
('Ayo Dosunmu', '14.9'),
('Mychal Mulder', '14.9'),
('Andre Iguodala', '14.8'),
('Naji Marshall', '14.7'),
('Spencer Dinwiddie', '14.7'),
('DeAndre  Bembry', '14.7'),
('Javonte Green', '14.7'),
('Malik Monk', '14.6'),
('Isaiah Stewart', '14.2'),
('Jeff Green', '14.2'),
('Tre Mann', '14.2'),
('Juan Toscano-Anderson', '14.2'),
('Evan Fournier', '14.1'),
('Tristan Thompson', '13.7'),
('Anfernee Simons', '13.6'),
('Max Strus', '13.2'),
('Nassir Little', '13.1'),
('Taurean Prince', '13.1'),
('Kenrich Williams', '13.0'),
('Maxi Kleber', '12.8'),
('PJ Dozier', '12.8'),
('Rodney Hood', '12.8'),
('Terance Mann', '12.7'),
('Moritz Wagner', '12.7'),
('Tony Bradley', '12.7'),
('Xavier Tillman', '12.7'),
('Armoni Brooks', '12.6'),
('George Hill', '12.6'),
('DeAndre Jordan', '12.6'),
('Brandon Boston Jr.', '12.4'),
('Day Ron Sharpe', '12.4'),
('Keita Bates-Diop', '12.3'),
('Thaddeus Young', '12.2'),
('Isaiah Roby', '12.2'),
('Goga Bitadze', '12.0'),
('Svi Mykhailiuk', '11.8'),
('Serge Ibaka', '11.8'),
('Aleksej Pokusevski', '11.7'),
('Tre Jones', '11.7'),
('Cam Thomas', '11.5'),
('Amir Coffey', '11.4'),
('Terence Davis', '11.2'),
('Delon Wright', '11.1'),
('Alex Len', '11.1'),
('Trey Burke', '11.0'),
('Nicolas Batum', '10.9'),
('Chris Chiozza', '10.7'),
('Damion Lee', '10.7'),
('Kessler Edwards', '10.6'),
('Jalen McDaniels', '10.5'),
('Marvin Bagley III', '10.4'),
('Taj Gibson', '10.4'),
('Reggie Bullock', '10.4'),
('Jevon Carter', '10.4'),
('Romeo Langford', '10.1'),
('Udonis Haslem', '10.1'),
('Garrison Mathews', '10.0'),
('Damian Jones', '9.9'),
('Aaron Holiday', '9.8'),
('Paul Millsap', '9.8'),
('Trey Lyles', '9.8'),
('D.J. Augustin', '9.8'),
('Isaiah Joe', '9.8'),
('Nick Richards', '9.7'),
('Maurice Harkless', '9.3'),
('Matt Thomas', '9.2'),
('Coby White', '9.2'),
('Corey Kispert', '9.0'),
('Dalano Banton', '8.9'),
('Dewayne Dedmon', '8.6'),
('Lou Williams', '8.5'),
('Ziaire Williams', '8.5'),
('Ignas Brazdeikis', '8.5'),
('Malachi Flynn', '8.4'),
('John Konchar', '8.2'),
('Kent Bazemore', '8.2'),
('Gary Harris', '8.1'),
('Avery Bradley', '8.0'),
('Jaxson Hayes', '8.0'),
('Jonathan Kuminga', '7.9'),
('Georgios Kalaitzakis', '7.6'),
('Jarrett Culver', '7.5'),
('Willie Cauley-Stein', '7.5'),
('Elfrid Payton', '7.4'),
('Thanasis Antetokounmpo', '7.4'),
('Brad Wanamaker', '7.3'),
('Boban Marjanovic', '7.2'),
('Markus Howard', '7.1'),
('Josh Christopher', '7.0'),
('Tomas Satoransky', '6.8'),
('Trey Murphy III', '6.7'),
('Garrett Temple', '6.6'),
('Sterling Brown', '6.4'),
('Justise Winslow', '6.3'),
('Denzel Valentine', '6.2'),
('Bryn Forbes', '6.1'),
('Bol Bol', '6.1'),
('Rajon Rondo', '6.1'),
('Devon Dotson', '5.6'),
('Jalen Smith', '5.6'),
('Ish Smith', '5.5'),
('Santi Aldama', '5.5'),
('Bones Hyland', '5.4'),
('Jared Butler', '5.4'),
('Cody Zeller', '5.3'),
('Eric Paschall', '5.3'),
('Nathan Knight', '5.3'),
('Leandro Bolmaro', '5.3'),
('Justin Robinson', '5.2'),
('Raul Neto', '5.2'),
('Anthony Gill', '5.1'),
('Paul Reed', '4.8'),
('Semi Ojeleye', '4.7'),
('Aaron Wiggins', '4.6'),
('Josh Green', '4.5'),
('Luka Garza', '4.5'),
('Trent Forrest', '4.4'),
('David Nwaba', '4.4'),
('Wayne Ellington', '4.3'),
('Isaiah Jackson', '4.2'),
('Oshae Brissett', '4.2'),
('Jordan McLaughlin', '4.1'),
('Petr Cornelie', '4.0'),
('Jose Alvarado', '3.7'),
('Jaylen Nowell', '3.4'),
('Jay Scrubb', '3.4'),
('Isaiah Todd', '3.0'),
('Jericho Sims', '3.0'),
('Udoka Azubuike', '2.9'),
('Tony Snell', '2.8'),
('Juancho Hernangomez', '2.7'),
('Justin Champagnie', '2.6'),
('Dylan Windler', '2.5'),
('Ish Wainright', '2.5'),
('Moses Moody', '2.4'),
('Joel Ayayi', '2.1'),
('Sam Hauser', '2.1'),
('Tacko Fall', '2.0'),
('Aaron Nesmith', '1.8'),
('Omer Yurtseven', '1.8'),
('Danuel House Jr.', '1.6'),
('Killian Tillie', '1.5'),
('Chandler Hutchison', '1.5'),
('KZ Okpala', '1.4'),
('Marko Simonovic', '1.2'),
('RJ Nembhard Jr.', '1.2'),
('Sam Merrill', '1.2'),
('Alize Johnson', '1.1'),
('Miye Oni', '1.1'),
('Kevin Pangos', '1.0'),
('Payton Pritchard', '1.0'),
('Jahmi us Ramsey', '0.8'),
('Abdel Nader', '0.7'),
('Gorgui Dieng', '0.7'),
('Jake Layman', '0.6'),
('Marcus Garrett', '0.6'),
('Bruno Fernando', '0.4'),
('Brodric Thomas', '0.1'),
('Gabriel Deck', '0.0'),
('Jalen Johnson', '0.0'),
('James Bouknight', '0.0'),
('Kai Jones', '0.0'),
('Quentin Grimes', '0.0'),
('Robert Woodard II', '0.0'),
('Sharife Cooper', '0.0'),
('Skylar Mays', '0.0'),
('Timothe Luwawu-Cabarrot', '0.0');

-- --------------------------------------------------------

--
-- Struttura della tabella `fantasypointsgiornata6`
--

CREATE TABLE `fantasypointsgiornata6` (
  `Nome` varchar(24) DEFAULT NULL,
  `Fantasy Points` decimal(3,1) DEFAULT NULL
) ENGINE=InnoDB DEFAULT CHARSET=utf8 COLLATE=utf8_general_ci;

--
-- Dump dei dati per la tabella `fantasypointsgiornata6`
--

INSERT INTO `fantasypointsgiornata6` (`Nome`, `Fantasy Points`) VALUES
('LeBron James', '57.1'),
('Clint Capela', '55.5'),
('Joel Embiid', '55.2'),
('Kevin Durant', '55.1'),
('Nikola Jokic', '54.5'),
('Christian Wood', '54.0'),
('Stephen Curry', '53.1'),
('Dejounte Murray', '52.1'),
('Giannis Antetokounmpo', '52.0'),
('Luka Doncic', '51.0'),
('Russell Westbrook', '50.7'),
('Trae Young', '49.5'),
('James Harden', '49.3'),
('Anthony Davis', '47.4'),
('Anthony Edwards', '45.0'),
('D Angelo Russell', '44.1'),
('Terry Rozier', '44.1'),
('Fred VanVleet', '43.5'),
('Jarrett Allen', '43.4'),
('LaMelo Ball', '42.8'),
('Shai Gilgeous-Alexander', '42.4'),
('Kevin Porter Jr.', '41.5'),
('Nikola Vucevic', '41.3'),
('Domantas Sabonis', '40.9'),
('Devin Booker', '40.4'),
('Jonas Valanciunas', '39.9'),
('Jrue Holiday', '39.8'),
('Rudy Gobert', '39.3'),
('Marcus Smart', '38.9'),
('DeMar DeRozan', '38.1'),
('Wendell Carter Jr.', '37.8'),
('Donovan Mitchell', '36.9'),
('Jimmy Butler', '36.9'),
('Tobias Harris', '36.8'),
('Jerami Grant', '36.7'),
('Jusuf Nurkic', '36.7'),
('Malcolm Brogdon', '36.6'),
('Paul George', '36.6'),
('Karl-Anthony Towns', '36.6'),
('Darius Garland', '36.4'),
('Lonzo Ball', '36.4'),
('Scottie Barnes', '36.2'),
('De Aaron Fox', '36.1'),
('Derrick White', '35.8'),
('Kristaps Porzingis', '35.8'),
('Chris Paul', '35.4'),
('Damian Lillard', '35.3'),
('DeAndre  Bembry', '35.2'),
('Kyle Lowry', '34.8'),
('Draymond Green', '34.7'),
('Pascal Siakam', '34.6'),
('Jayson Tatum', '34.3'),
('CJ McCollum', '34.0'),
('Brandon Ingram', '33.8'),
('Zach LaVine', '33.8'),
('Tyler Herro', '33.8'),
('Franz Wagner', '33.7'),
('Bradley Beal', '33.6'),
('Bam Adebayo', '33.5'),
('Evan Mobley', '33.4'),
('Bobby Portis', '33.3'),
('Andrew Wiggins', '33.0'),
('Jakob Poeltl', '33.0'),
('Julius Randle', '33.0'),
('Kelly Oubre Jr.', '33.0'),
('Tyrese Maxey', '32.8'),
('Miles Bridges', '32.3'),
('John Collins', '32.3'),
('Mo Bamba', '31.8'),
('Daniel Gafford', '31.8'),
('Buddy Hield', '31.4'),
('Lauri Markkanen', '31.3'),
('Jarred Vanderbilt', '31.0'),
('Khris Middleton', '30.6'),
('Alex Caruso', '30.5'),
('Mikal Bridges', '30.3'),
('Tyrese Haliburton', '29.9'),
('LaMarcus Aldridge', '29.8'),
('Royce O Neale', '29.8'),
('Will Barton', '29.6'),
('Gordon Hayward', '29.5'),
('Alec Burks', '29.4'),
('Jalen Suggs', '29.3'),
('Reggie Jackson', '29.3'),
('Aaron Gordon', '29.2'),
('Keldon Johnson', '29.0'),
('Anfernee Simons', '28.8'),
('Josh Giddey', '28.8'),
('Cedi Osman', '28.8'),
('Jaren Jackson Jr.', '28.6'),
('Gary Trent Jr.', '28.5'),
('Luguentz Dort', '28.3'),
('Ja Morant', '28.2'),
('Josh Richardson', '28.2'),
('Seth Curry', '27.4'),
('Dillon Brooks', '27.4'),
('Maxi Kleber', '27.2'),
('JaVale McGee', '27.2'),
('Jordan Clarkson', '27.1'),
('Isaiah Roby', '27.0'),
('Norman Powell', '26.8'),
('Myles Turner', '26.6'),
('Jordan Poole', '26.5'),
('Jeff Green', '26.2'),
('Willy Hernangomez', '26.2'),
('Josh Hart', '26.2'),
('Herbert Jones', '26.1'),
('Spencer Dinwiddie', '25.9'),
('Cade Cunningham', '25.8'),
('Pat Connaughton', '25.7'),
('Kyle Kuzma', '25.5'),
('Desmond Bane', '25.4'),
('Dorian Finney-Smith', '25.4'),
('Malik Monk', '25.2'),
('Ricky Rubio', '25.2'),
('Jaylen Brown', '25.1'),
('Garrison Mathews', '25.0'),
('Kentavious Caldwell-Pope', '25.0'),
('Bones Hyland', '24.5'),
('Terence Davis', '24.5'),
('Evan Fournier', '24.4'),
('Max Strus', '24.4'),
('Jaxson Hayes', '24.3'),
('Kenrich Williams', '24.2'),
('Deandre Ayton', '24.1'),
('Jae Sean Tate', '24.1'),
('Otto Porter Jr.', '23.8'),
('Chimezie Metu', '23.4'),
('Robin Lopez', '23.4'),
('Shake Milton', '23.4'),
('T.J. McConnell', '23.3'),
('Bojan Bogdanovic', '23.2'),
('Grant Williams', '23.1'),
('Danny Green', '23.0'),
('Eric Gordon', '23.0'),
('Facundo Campazzo', '22.9'),
('Mike Conley', '22.9'),
('Louis King', '22.8'),
('Monte Morris', '22.8'),
('Tre Mann', '22.6'),
('Cody Martin', '22.5'),
('Tristan Thompson', '22.5'),
('Caris LeVert', '22.5'),
('Trey Lyles', '22.4'),
('Tim Hardaway Jr.', '22.2'),
('Kemba Walker', '22.0'),
('Brandon Clarke', '21.9'),
('Gabe Vincent', '21.9'),
('Patty Mills', '21.9'),
('P.J. Washington', '21.9'),
('Bogdan Bogdanovic', '21.9'),
('Justin Holiday', '21.7'),
('Rudy Gay', '21.6'),
('Dennis Schroder', '21.6'),
('Mason Plumlee', '21.6'),
('Gary Harris', '21.5'),
('Chris Duarte', '21.5'),
('Terance Mann', '21.5'),
('Juan Toscano-Anderson', '21.4'),
('Nickeil Alexander-Walker', '21.4'),
('Al Horford', '21.3'),
('Ivica Zubac', '21.2'),
('Immanuel Quickley', '21.2'),
('Precious Achiuwa', '21.2'),
('RJ Barrett', '21.1'),
('Montrezl Harrell', '20.9'),
('Joe Ingles', '20.9'),
('Malik Beasley', '20.9'),
('Jae Crowder', '20.8'),
('De Anthony Melton', '20.8'),
('Saddiq Bey', '20.8'),
('Talen Horton-Tucker', '20.7'),
('Killian Hayes', '20.6'),
('Nerlens Noel', '20.6'),
('Davion Mitchell', '20.4'),
('Marcus Morris Sr.', '20.2'),
('Kevin Love', '19.8'),
('Jalen McDaniels', '19.8'),
('Mitchell Robinson', '19.7'),
('Danuel House Jr.', '19.6'),
('Matisse Thybulle', '19.6'),
('Alperen Sengun', '19.4'),
('Enes Freedom', '19.2'),
('Darius Bazley', '19.1'),
('Nassir Little', '19.0'),
('Marvin Bagley III', '18.9'),
('Eric Bledsoe', '18.8'),
('Devin Vassell', '18.6'),
('Devonte  Graham', '18.5'),
('John Konchar', '18.5'),
('Saben Lee', '18.1'),
('DeAndre Jordan', '18.1'),
('Duncan Robinson', '18.1'),
('Isaiah Stewart', '18.1'),
('Bryn Forbes', '18.0'),
('Jeremiah Robinson-Earl', '17.9'),
('George Hill', '17.9'),
('Cameron Payne', '17.8'),
('Naz Reid', '17.8'),
('Isaiah Hartenstein', '17.5'),
('Kevon Looney', '17.5'),
('Carmelo Anthony', '17.4'),
('Obi Toppin', '17.2'),
('Harrison Barnes', '17.1'),
('Svi Mykhailiuk', '16.9'),
('Javonte Green', '16.9'),
('Hamidou Diallo', '16.8'),
('Moritz Wagner', '16.7'),
('Steven Adams', '16.7'),
('JaMychal Green', '16.4'),
('Kevin Huerter', '16.2'),
('Chuma Okeke', '16.2'),
('Raul Neto', '16.1'),
('Armoni Brooks', '16.1'),
('Andre Drummond', '15.8'),
('Cam Reddish', '15.8'),
('Isaac Okoro', '15.8'),
('Kyle Anderson', '15.8'),
('Tyus Jones', '15.7'),
('Frank Jackson', '15.4'),
('Lonnie Walker IV', '15.3'),
('Coby White', '15.2'),
('Robert Covington', '15.2'),
('Alex Len', '15.1'),
('Danilo Gallinari', '14.9'),
('Jalen Green', '14.9'),
('Cory Joseph', '14.8'),
('Gary Payton II', '14.7'),
('Larry Nance Jr.', '14.6'),
('P.J. Tucker', '14.6'),
('Josh Okogie', '14.6'),
('Grayson Allen', '14.5'),
('Cameron Johnson', '14.4'),
('Lou Williams', '14.4'),
('Avery Bradley', '14.3'),
('Jaden McDaniels', '14.1'),
('Killian Tillie', '14.1'),
('Sterling Brown', '14.0'),
('Caleb Martin', '13.8'),
('Luke Kennard', '13.7'),
('Taurean Prince', '13.6'),
('James Johnson', '13.5'),
('Furkan Korkmaz', '13.1'),
('Cam Thomas', '13.1'),
('Georges Niang', '13.0'),
('Yuta Watanabe', '12.8'),
('Malachi Flynn', '12.6'),
('Kenyon Martin Jr.', '12.5'),
('Dewayne Dedmon', '12.3'),
('Romeo Langford', '12.3'),
('Maurice Harkless', '12.2'),
('Paul Watson', '12.2'),
('Santi Aldama', '12.2'),
('Cody Zeller', '12.1'),
('Serge Ibaka', '12.0'),
('Trey Burke', '12.0'),
('Jericho Sims', '11.8'),
('Kelan Martin', '11.8'),
('Deni Avdija', '11.7'),
('Delon Wright', '11.4'),
('Oshae Brissett', '11.2'),
('Chris Boucher', '11.2'),
('Hassan Whiteside', '11.1'),
('Luka Garza', '11.1'),
('Damian Jones', '11.0'),
('Aleksej Pokusevski', '11.0'),
('Wayne Ellington', '11.0'),
('Thaddeus Young', '10.8'),
('R.J. Hampton', '10.8'),
('Jabari Parker', '10.5'),
('Mike Muscala', '10.4'),
('Dwight Howard', '10.3'),
('Willie Cauley-Stein', '10.3'),
('Brad Wanamaker', '10.2'),
('Zeke Nnaji', '10.1'),
('Ziaire Williams', '9.8'),
('Amir Coffey', '9.8'),
('Ty Jerome', '9.5'),
('Torrey Craig', '9.5'),
('Troy Brown Jr.', '9.4'),
('Tomas Satoransky', '9.4'),
('Jalen Brunson', '9.2'),
('Theo Maledon', '9.2'),
('Josh Jackson', '9.0'),
('Anthony Gill', '8.9'),
('Xavier Tillman', '8.8'),
('Aaron Holiday', '8.8'),
('Austin Rivers', '8.7'),
('Kira Lewis Jr.', '8.6'),
('Aaron Wiggins', '8.5'),
('Paul Millsap', '8.5'),
('Jaylen Nowell', '8.4'),
('Isaiah Joe', '8.3'),
('Garrett Temple', '8.3'),
('Landry Shamet', '8.2'),
('Ayo Dosunmu', '8.2'),
('Terrence Ross', '8.1'),
('Derrick Jones Jr.', '7.7'),
('Miles McBride', '7.7'),
('Naji Marshall', '7.7'),
('Leandro Bolmaro', '7.5'),
('Boban Marjanovic', '7.4'),
('Tre Jones', '7.4'),
('Damion Lee', '7.2'),
('Keita Bates-Diop', '7.2'),
('Trey Murphy III', '7.2'),
('Aaron Nesmith', '7.1'),
('Gorgui Dieng', '7.1'),
('Jeremy Lamb', '6.9'),
('Dennis Smith Jr.', '6.9'),
('Rodney Hood', '6.8'),
('Jordan McLaughlin', '6.8'),
('Nick Richards', '6.7'),
('Jose Alvarado', '6.5'),
('Day Ron Sharpe', '6.4'),
('Jake Layman', '6.4'),
('Vlatko Cancar', '6.4'),
('Jordan Nwora', '6.3'),
('Trent Forrest', '6.1'),
('Derrick Favors', '6.1'),
('Chris Chiozza', '6.1'),
('Drew Eubanks', '6.0'),
('Jahmi us Ramsey', '6.0'),
('Devon Dotson', '5.9'),
('Devontae Cacok', '5.9'),
('Jevon Carter', '5.9'),
('PJ Dozier', '5.9'),
('Mychal Mulder', '5.9'),
('Markus Howard', '5.8'),
('Corey Kispert', '5.8'),
('Nemanja Bjelica', '5.7'),
('D.J. Augustin', '5.7'),
('Davis Bertans', '5.7'),
('Dalano Banton', '5.5'),
('Moses Brown', '5.4'),
('Reggie Bullock', '5.4'),
('Jarrett Culver', '5.3'),
('Timothe Luwawu-Cabarrot', '5.3'),
('James Bouknight', '5.0'),
('Jared Butler', '5.0'),
('Joshua Primo', '5.0'),
('Isaiah Jackson', '4.9'),
('Jonathan Kuminga', '4.8'),
('Greg Brown III', '4.6'),
('Alize Johnson', '4.2'),
('Juancho Hernangomez', '4.2'),
('Paul Reed', '4.2'),
('Petr Cornelie', '4.1'),
('Tony Snell', '4.0'),
('Dwight Powell', '3.9'),
('Dylan Windler', '3.9'),
('Quentin Grimes', '3.9'),
('Goga Bitadze', '3.8'),
('Tony Bradley', '3.8'),
('Denzel Valentine', '3.8'),
('Eric Paschall', '3.7'),
('Justin Champagnie', '3.7'),
('Kai Jones', '3.2'),
('Ignas Brazdeikis', '3.1'),
('Lamar Stevens', '3.1'),
('Solomon Hill', '3.1'),
('Payton Pritchard', '2.5'),
('Sandro Mamukelashvili', '2.5'),
('Omer Yurtseven', '2.4'),
('Ed Davis', '2.2'),
('Jock Landale', '2.0'),
('Josh Green', '2.0'),
('Keon Johnson', '2.0'),
('Kevin Knox II', '2.0'),
('Matt Thomas', '2.0'),
('Nathan Knight', '2.0'),
('Trendon Watford', '2.0'),
('CJ Elleby', '2.0'),
('Daishen Nix', '1.5'),
('Isaac Bonga', '1.5'),
('Justise Winslow', '1.5'),
('Patrick Beverley', '1.5'),
('Jalen Smith', '1.2'),
('KZ Okpala', '1.2'),
('Georgios Kalaitzakis', '1.0'),
('Ish Smith', '1.0'),
('Miye Oni', '0.9'),
('Thanasis Antetokounmpo', '0.7'),
('Ben McLemore', '0.6'),
('Kevin Pangos', '0.5'),
('Bol Bol', '0.4'),
('Charles Bassey', '0.2'),
('Brandon Boston Jr.', '0.0'),
('Bruno Fernando', '0.0'),
('Dean Wade', '0.0'),
('Ish Wainright', '0.0'),
('Joe Wieskamp', '0.0'),
('Kessler Edwards', '0.0'),
('Moses Moody', '0.0'),
('Rodney McGruder', '0.0'),
('Austin Reaves', '-0.5'),
('Elijah Hughes', '-0.5'),
('Justin Robinson', '-0.5'),
('Bruce Brown', '-1.0'),
('Josh Christopher', '0.0');

-- --------------------------------------------------------

--
-- Struttura della tabella `giocatori`
--

CREATE TABLE `giocatori` (
  `nome` varchar(24) DEFAULT NULL,
  `squadra` varchar(22) DEFAULT NULL,
  `posizione` varchar(8) DEFAULT NULL,
  `salario` int(8) DEFAULT NULL
) ENGINE=InnoDB DEFAULT CHARSET=utf8 COLLATE=utf8_general_ci;

--
-- Dump dei dati per la tabella `giocatori`
--

INSERT INTO `giocatori` (`nome`, `squadra`, `posizione`, `salario`) VALUES
('Aaron Gordon', 'Denver Nuggets', 'PF', 16409091),
('Aaron Holiday', 'Washington Wizards', 'PG', 3980551),
('Aaron Nesmith', 'Boston Celtics', 'SF', 3631200),
('Abdel Nader', 'Phoenix Suns', 'SF', 2000000),
('Al Horford', 'Boston Celtics', 'C', 27000000),
('Al-Farouq Aminu', 'San Antonio Spurs', 'PF', 10183800),
('Alec Burks', 'New York Knicks', 'SG', 9536000),
('Aleksej Pokusevski', 'Oklahoma City Thunder', 'PF', 3113160),
('Alex Caruso', 'Chicago Bulls', 'SG', 8650651),
('Alex Len', 'Sacremento Kings', 'C', 3732000),
('Alize Johnson', 'Brooklyn Nets', 'PF', 1762796),
('Alperen Sengun', 'Houston Rockets', 'C', 3214680),
('Andre Drummond', 'Philadelphia Sixers', 'C', 1669178),
('Andre Iguodala', 'Golden State Warriors', 'PF', 1669178),
('Andrew Wiggins', 'Golden State Warriors', 'SF', 31579390),
('Anfernee Simons', 'Portland Trail Blazers', 'SG', 3938818),
('Anthony Davis', 'Los Angeles Lakers', 'PF', 35361360),
('Anthony Edwards', 'Minnesota Timberwolves', 'SF', 10245480),
('Anthony Gill', 'Washington Wizards', 'PF', 1517981),
('Austin Rivers', 'Denver Nuggets', 'SG', 1669178),
('Ayo Dosunmu', 'Chicago Bulls', 'SG', 925258),
('Bam Adebayo', 'Miami Heat', 'C', 28103500),
('Ben McLemore', 'Portland Trail Blazers', 'SG', 1669178),
('Ben Simmons', 'Philadelphia Sixers', 'PG', 33003936),
('Blake Griffin', 'Brooklyn Nets', 'PF', 1669178),
('Boban Marjanovic', 'Dallas Mavericks', 'C', 3500000),
('Bogdan Bogdanovic', 'Atlanta Hawks', 'SG', 18000000),
('Bojan Bogdanovic', 'Utah Jazz', 'SF', 18700000),
('Bol Bol', 'Denver Nuggets', 'C', 2161152),
('Bradley Beal', 'Washington Wizards', 'SG', 33724200),
('Brandon Clarke', 'Memphis Grizzlies', 'PF', 2726880),
('Brandon Ingram', 'New Orleans Pelicans', 'SF', 29467800),
('Brook Lopez', 'Milwaukee Bucks', 'C', 13302325),
('Bruce Brown', 'Brooklyn Nets', 'SF', 4736102),
('Bruno Fernando', 'Boston Celtics', 'PF', 1782621),
('Bryn Forbes', 'San Antonio Spurs', 'SG', 4500000),
('Buddy Hield', 'Sacremento Kings', 'SG', 22768890),
('Cade Cunningham', 'Detroit Pistons', 'PG', 10050120),
('Caleb Homesley', 'Washington Wizards', 'SG', 1517981),
('Cam Reddish', 'Atlanta Hawks', 'SF', 4670160),
('Cameron Johnson', 'Phoenix Suns', 'SF', 4437000),
('Cameron Payne', 'Phoenix Suns', 'PG', 6500000),
('Cameron Thomas', 'Brooklyn Nets', 'SG', 2036280),
('Caris LeVert', 'Indiana Pacers', 'SG', 17500000),
('Carmelo Anthony', 'Los Angeles Lakers', 'PF', 1669178),
('Carsen Edwards', 'Boston Celtics', 'PG', 1782621),
('Cedi Osman', 'Cleveland Cavaliers', 'SF', 8133334),
('Chandler Hutchison', 'Phoenix Suns', 'SF', 4019459),
('Charlie Brown Jr.', 'Oklahoma City Thunder', 'PF', 1701593),
('Chimezie Metu', 'Sacremento Kings', 'PF', 1762796),
('Chris Boucher', 'Toronto Raptors', 'PF', 7020000),
('Chris Duarte', 'Indiana Pacers', 'SG', 3749400),
('Chris Paul', 'Phoenix Suns', 'PG', 30000000),
('Christian Wood', 'Houston Rockets', 'C', 13666667),
('Chuma Okeke', 'Orlando Magic', 'PF', 3277080),
('CJ Elleby', 'Portland Trail Blazers', 'SG', 1517981),
('CJ McCollum', 'Portland Trail Blazers', 'SG', 30864198),
('Clint Capela', 'Atlanta Hawks', 'C', 18603448),
('Coby White', 'Chicago Bulls', 'PG', 5837760),
('Cody Martin', 'Charlotte Hornets', 'SF', 1782621),
('Cody Zeller', 'Portland Trail Blazers', 'C', 1669178),
('Cole Anthony', 'Orlando Magic', 'PG', 3449400),
('Collin Sexton', 'Cleveland Cavaliers', 'PG', 6439671),
('Corey Kispert', 'Washington Wizards', 'SF', 3383640),
('Cory Joseph', 'Detroit Pistons', 'PG', 12600000),
('D Angelo Russell', 'Minnesota Timberwolves', 'PG', 30013500),
('D.J. Augustin', 'Houston Rockets', 'PG', 7000000),
('Dalano Banton', 'Toronto Raptors', 'PG', 925258),
('Damian Jones', 'Sacremento Kings', 'C', 1977011),
('Damian Lillard', 'Portland Trail Blazers', 'PG', 39344900),
('Damion Lee', 'Golden State Warriors', 'SG', 1910860),
('Damyean Dotson', 'Cleveland Cavaliers', 'SG', 2000000),
('Daniel Gafford', 'Washington Wizards', 'C', 1782621),
('Daniel Oturu', 'Memphis Grizzlies', 'C', 1517981),
('Daniel Theis', 'Houston Rockets', 'C', 8280351),
('Danilo Gallinari', 'Atlanta Hawks', 'PF', 20475000),
('Danny Green', 'Philadelphia Sixers', 'SF', 10000000),
('Danuel House Jr.', 'Houston Rockets', 'SF', 3894000),
('DaQuan Jeffries', 'San Antonio Spurs', 'SG', 1701593),
('Dario Saric', 'Phoenix Suns', 'PF', 8510000),
('Darius Bazley', 'Oklahoma City Thunder', 'PF', 2513040),
('Darius Garland', 'Cleveland Cavaliers', 'PG', 7040880),
('David Nwaba', 'Houston Rockets', 'SF', 4650000),
('Davion Mitchell', 'Sacremento Kings', 'PG', 4603320),
('Davis Bertans', 'Washington Wizards', 'SF', 16000000),
('Day Ron Sharpe', 'Brooklyn Nets', 'C', 2009040),
('De Aaron Fox', 'Sacremento Kings', 'PG', 28103550),
('De Andre Hunter', 'Atlanta Hawks', 'SF', 7775400),
('De Anthony Melton', 'Memphis Grizzlies', 'SG', 8805976),
('Dean Wade', 'Cleveland Cavaliers', 'PF', 1782621),
('Deandre Ayton', 'Phoenix Suns', 'C', 12632950),
('DeAndre  Bembry', 'Brooklyn Nets', 'SG', 1669178),
('Dejounte Murray', 'San Antonio Spurs', 'PG', 15428880),
('Delon Wright', 'Atlanta Hawks', 'SG', 8526316),
('DeMar DeRozan', 'Chicago Bulls', 'SF', 26000000),
('Deni Avdija', 'Washington Wizards', 'SF', 4692840),
('Dennis Schroder', 'Boston Celtics', 'PG', 5890000),
('Derrick Favors', 'Oklahoma City Thunder', 'C', 9720900),
('Derrick Jones Jr.', 'Chicago Bulls', 'SF', 9720900),
('Derrick Rose', 'New York Knicks', 'PG', 13445120),
('Derrick White', 'San Antonio Spurs', 'PG', 15178571),
('Desmond Bane', 'Memphis Grizzlies', 'SG', 2033160),
('Devin Booker', 'Phoenix Suns', 'SG', 31650600),
('Devin Vassell', 'San Antonio Spurs', 'SG', 4235160),
('Devonte  Graham', 'New Orleans Pelicans', 'PG', 11000000),
('Dewayne Dedmon', 'Miami Heat', 'C', 1669178),
('Didi Louzada', 'New Orleans Pelicans', 'SF', 1786878),
('Dillon Brooks', 'Memphis Grizzlies', 'SF', 12200000),
('Domantas Saboni', 'Indiana Pacers', 'PF', 19800000),
('Donovan Mitchell', 'Utah Jazz', 'SG', 28103500),
('Donte DiVincenzo', 'Milwaukee Bucks', 'SG', 4675830),
('Dorian Finney-Smith', 'Dallas Mavericks', 'PF', 4000000),
('Doug McDermott', 'San Antonio Spurs', 'SF', 13750000),
('Draymond Green', 'Golden State Warriors', 'PF', 24026712),
('Drew Eubanks', 'San Antonio Spurs', 'PF', 1762796),
('Duncan Robinson', 'Miami Heat', 'SG', 15650000),
('Dwayne Bacon', 'New York Knicks', 'SG', 1824003),
('Dwight Howard', 'Los Angeles Lakers', 'C', 1669178),
('Dwight Powell', 'Dallas Mavericks', 'C', 11080125),
('Dylan Windler', 'Cleveland Cavaliers', 'SG', 2239200),
('Edmond Sumner', 'Indiana Pacers', 'PG', 2320000),
('Elfrid Payton', 'Phoenix Suns', 'PG', 1669178),
('Elijah Bryant', 'Milwaukee Bucks', 'SG', 1517981),
('Elijah Hughes', 'Utah Jazz', 'SF', 1517981),
('Enes Kanter', 'Boston Celtics', 'C', 1669178),
('Eric Bledsoe', 'Los Angeles Clippers', 'SG', 18125000),
('Eric Gordon', 'Houston Rockets', 'SG', 18218818),
('Eric Paschall', 'Utah Jazz', 'PF', 1782621),
('Evan Fournier', 'New York Knicks', 'PG', 17000000),
('Evan Mobley', 'Cleveland Cavaliers', 'C', 8075160),
('Facundo Campazzo', 'Denver Nuggets', 'PG', 3200000),
('Frank Jackson', 'Detroit Pistons', 'PG', 3000000),
('Frank Kaminsky', 'Phoenix Suns', 'PF', 1669178),
('Franz Wagner', 'Orlando Magic', 'SF', 5007840),
('Fred VanVleet', 'Toronto Raptors', 'SG', 19675926),
('Freddie Gillespie', 'Toronto Raptors', 'SF', 1517981),
('Furkan Korkmaz', 'Philadelphia Sixers', 'SG', 4629630),
('Gabe Vincent', 'Miami Heat', 'PG', 1669178),
('Gabriel Deck', 'Oklahoma City Thunder', 'SF', 3676852),
('Garrett Temple', 'New Orleans Pelicans', 'SF', 4910000),
('Gary Harris', 'Orlando Magic', 'SG', 20482143),
('Gary Payton II', 'Golden State Warriors', 'PG', 1977011),
('Gary Trent Jr.', 'Toronto Raptors', 'SG', 16000000),
('George Hill', 'Milwaukee Bucks', 'PG', 4000000),
('Georges Niang', 'Philadelphia Sixers', 'PF', 3300000),
('Giannis Antetokounmpo', 'Milwaukee Bucks', 'PF', 39344970),
('Goga Bitadze', 'Indiana Pacers', 'C', 3098400),
('Goran Dragic', 'Toronto Raptors', 'PG', 19440000),
('Gordon Hayward', 'Charlotte Hornets', 'SF', 29925000),
('Gorgui Dieng', 'Atlanta Hawks', 'C', 4000000),
('Grant Williams', 'Boston Celtics', 'PF', 2617800),
('Grayson Allen', 'Milwaukee Bucks', 'SG', 4054695),
('Greg Brown', 'Portland Trail Blazers', 'PF', 925258),
('Hamidou Diallo', 'Detroit Pistons', 'SG', 5200000),
('Harrison Barnes', 'Sacremento Kings', 'SF', 20284091),
('Hassan Whiteside', 'Utah Jazz', 'C', 1669178),
('Herbert Jones', 'New Orleans Pelicans', 'SF', 1700000),
('Immanuel Quickley', 'New York Knicks', 'SG', 2210640),
('Isaac Bonga', 'Toronto Raptors', 'PG', 1669178),
('Isaac Okoro', 'Cleveland Cavaliers', 'SF', 6720720),
('Isaiah Jackson', 'Indiana Pacers', 'PF', 2451240),
('Isaiah Joe', 'Philadelphia Sixers', 'SG', 1517981),
('Isaiah Livers', 'Detroit Pistons', 'PF', 1057260),
('Isaiah Roby', 'Oklahoma City Thunder', 'C', 1782621),
('Isaiah Stewart', 'Detroit Pistons', 'C', 3277080),
('Isaiah Todd', 'Washington Wizards', 'PF', 1500000),
('Ish Smith', 'Charlotte Hornets', 'PG', 4500000),
('Ivica Zubac', 'Los Angeles Clippers', 'C', 7518518),
('Ja Morant', 'Memphis Grizzlies', 'PG', 9603360),
('Jabari Parker', 'Boston Celtics', 'PF', 2283034),
('Jaden McDaniels', 'Minnesota Timberwolves', 'PF', 2063280),
('Jaden Springer', 'Philadelphia Sixers', 'PG', 2023800),
('Jae Crowder', 'Phoenix Suns', 'PF', 9720900),
('Jae Sean Tate', 'Houston Rockets', 'SF', 1517981),
('Jahlil Okafor', 'Brooklyn Nets', 'C', 2130023),
('Jahmi us Ramsey', 'Sacremento Kings', 'SG', 1517981),
('Jake Layman', 'Minnesota Timberwolves', 'SF', 3940185),
('Jakob Poeltl', 'San Antonio Spurs', 'C', 8750000),
('Jalen Brunson', 'Dallas Mavericks', 'PG', 1802057),
('Jalen Green', 'Houston Rockets', 'SG', 8992200),
('Jalen Johnson', 'Atlanta Hawks', 'SF', 2659580),
('Jalen McDaniels', 'Charlotte Hornets', 'PF', 1782621),
('Jalen Smith', 'Phoenix Suns', 'PF', 4458000),
('Jalen Suggs', 'Orlando Magic', 'SG', 6593040),
('Jamal Murray', 'Denver Nuggets', 'PG', 29467800),
('James Bouknight', 'Charlotte Hornets', 'SG', 4154400),
('James Harden', 'Brooklyn Nets', 'SG', 44310840),
('James Johnson', 'Brooklyn Nets', 'PF', 1669178),
('James Wiseman', 'Golden State Warriors', 'C', 9166800),
('JaMychal Green', 'Denver Nuggets', 'PF', 8200000),
('Jared Butler', 'Utah Jazz', 'SG', 925258),
('Jaren Jackson Jr.', 'Memphis Grizzlies', 'PF', 9180560),
('Jarrell Brantley', 'Utah Jazz', 'PF', 1669178),
('Jarrett Allen', 'Cleveland Cavaliers', 'C', 20000000),
('Jarrett Culver', 'Memphis Grizzlies', 'PG', 6395160),
('Jason Preston', 'Los Angeles Clippers', 'PG', 1062303),
('JaVale McGee', 'Phoenix Suns', 'C', 5000000),
('Javonte Green', 'Chicago Bulls', 'PG', 1669178),
('Jaxson Hayes', 'New Orleans Pelicans', 'C', 5348280),
('Jaylen Brown', 'Boston Celtics', 'SG', 26758928),
('Jaylen Nowell', 'Minnesota Timberwolves', 'SG', 1782621),
('Jayson Tatum', 'Boston Celtics', 'SF', 28103500),
('Jeff Green', 'Denver Nuggets', 'PF', 4500000),
('Jerami Grant', 'Detroit Pistons', 'SF', 20002500),
('Jeremiah Robinson-Earl', 'Oklahoma City Thunder', 'PF', 2000000),
('Jeremy Lamb', 'Indiana Pacers', 'SG', 10500000),
('Jevon Carter', 'Brooklyn Nets', 'PG', 3650000),
('Jimmy Butler', 'Miami Heat', 'SF', 36016200),
('Jock Landale', 'San Antonio Spurs', 'C', 925258),
('Joe Harris', 'Brooklyn Nets', 'SF', 17357143),
('Joe Ingles', 'Utah Jazz', 'SG', 13036364),
('Joel Embiid', 'Philadelphia Sixers', 'C', 31579390),
('John Collins', 'Atlanta Hawks', 'PF', 23000000),
('John Konchar', 'Memphis Grizzlies', 'SG', 2200000),
('John Wall', 'Houston Rockets', 'PG', 44310840),
('Jonas Valanciunas', 'New Orleans Pelicans', 'C', 14000000),
('Jonathan Isaac', 'Orlando Magic', 'PF', 17400000),
('Jonathan Kuminga', 'Golden State Warriors', 'PF', 5466360),
('Jontay Porter', 'Memphis Grizzlies', 'PF', 1950000),
('Jordan Clarkson', 'Utah Jazz', 'PG', 12420000),
('Jordan Nwora', 'Milwaukee Bucks', 'SF', 1517981),
('Jordan Poole', 'Golden State Warriors', 'SG', 2161440),
('Josh Christopher', 'Houston Rockets', 'SG', 2259240),
('Josh Giddey', 'Oklahoma City Thunder', 'SG', 5988000),
('Josh Green', 'Dallas Mavericks', 'SG', 2957520),
('Josh Hart', 'New Orleans Pelicans', 'SG', 12000000),
('Josh Jackson', 'Detroit Pistons', 'SG', 5005350),
('Josh Okogie', 'Minnesota Timberwolves', 'SF', 4087904),
('Josh Richardson', 'Boston Celtics', 'SG', 11615328),
('Joshua Primo', 'San Antonio Spurs', 'SG', 3946800),
('Jrue Holiday', 'Milwaukee Bucks', 'PG', 32413333),
('JT Thor', 'Charlotte Hornets', 'PF', 1250000),
('Juan Toscano-Anderson', 'Golden State Warriors', 'SF', 1701593),
('Juancho Hernangomez', 'Memphis Grizzlies', 'PF', 6907815),
('Julius Randle', 'New York Knicks', 'PF', 21780000),
('Justin Holiday', 'Indiana Pacers', 'SF', 6006420),
('Justin James', 'Sacremento Kings', 'SG', 1782621),
('Justise Winslow', 'Los Angeles Clippers', 'PF', 3902439),
('Jusuf Nurkic', 'Portland Trail Blazers', 'C', 12000000),
('Kai Jones', 'Charlotte Hornets', 'PF', 2770560),
('Karl-Anthony Towns', 'Minnesota Timberwolves', 'C', 31650600),
('Kawhi Leonard', 'Los Angeles Clippers', 'SF', 36016200),
('Kelan Martin', 'Indiana Pacers', 'SG', 1701593),
('Keldon Johnson', 'San Antonio Spurs', 'SF', 2145720),
('Kelly Olynyk', 'Detroit Pistons', 'PF', 12195122),
('Kelly Oubre Jr.', 'Charlotte Hornets', 'SG', 12000000),
('Kemba Walker', 'New York Knicks', 'PG', 36016200),
('Kendrick Nunn', 'Los Angeles Lakers', 'PG', 5000000),
('Kenrich Williams', 'Oklahoma City Thunder', 'SF', 2000000),
('Kent Bazemore', 'Los Angeles Lakers', 'SF', 1669178),
('Kentavious Caldwell-Pope', 'Washington Wizards', 'SG', 13038862),
('Kenyon Martin Jr.', 'Houston Rockets', 'SF', 1517981),
('Keon Johnson', 'Los Angeles Clippers', 'SG', 2553120),
('Kevin Durant', 'Brooklyn Nets', 'PF', 42018900),
('Kevin Huerter', 'Atlanta Hawks', 'SG', 4253357),
('Kevin Knox II', 'New York Knicks', 'SF', 5845979),
('Kevin Love', 'Cleveland Cavaliers', 'PF', 31258256),
('Kevin Porter Jr.', 'Houston Rockets', 'SG', 1782621),
('Kevon Looney', 'Golden State Warriors', 'C', 5178572),
('Khem Birch', 'Toronto Raptors', 'C', 6350000),
('Khris Middleton', 'Milwaukee Bucks', 'SF', 35500000),
('Khyri Thomas', 'Houston Rockets', 'SG', 1762796),
('Killian Hayes', 'Detroit Pistons', 'PG', 5572680),
('Kira Lewis Jr.', 'New Orleans Pelicans', 'PG', 3822240),
('Klay Thompson', 'Golden State Warriors', 'SG', 37980720),
('Kris Dunn', 'Boston Celtics', 'PG', 5005350),
('Kristaps Porzingis', 'Dallas Mavericks', 'C', 31650600),
('Kyle Anderson', 'Memphis Grizzlies', 'SF', 9937150),
('Kyle Kuzma', 'Washington Wizards', 'SF', 13000000),
('Kyle Lowry', 'Miami Heat', 'PG', 26894128),
('Kyrie Irving', 'Brooklyn Nets', 'PG', 35328700),
('KZ Okpala', 'Miami Heat', 'SF', 1782621),
('Lamar Stevens', 'Cleveland Cavaliers', 'PF', 1517981),
('LaMelo Ball', 'Charlotte Hornets', 'PG', 8231760),
('Landry Shamet', 'Phoenix Suns', 'SG', 3768342),
('Larry Nance Jr.', 'Portland Trail Blazers', 'PF', 10690909),
('Lauri Markkanen', 'Cleveland Cavaliers', 'PF', 15690909),
('LeBron James', 'Los Angeles Lakers', 'SF', 41180544),
('Lonnie Walker IV', 'San Antonio Spurs', 'SG', 4447896),
('Lonzo Ball', 'Chicago Bulls', 'PG', 18604651),
('Lou Williams', 'Atlanta Hawks', 'SG', 5000000),
('Luca Vildoza', 'New York Knicks', 'PG', 3325000),
('Luguentz Dort', 'Oklahoma City Thunder', 'SF', 1782621),
('Luka Doncic', 'Dallas Mavericks', 'PG', 10174391),
('Luka Samanic', 'San Antonio Spurs', 'PF', 2959080),
('Luke Kennard', 'Los Angeles Clippers', 'SG', 13347727),
('Malachi Flynn', 'Toronto Raptors', 'PG', 2048040),
('Malcolm Brogdon', 'Indiana Pacers', 'PG', 21700000),
('Malik Beasley', 'Minnesota Timberwolves', 'SG', 14491964),
('Malik Monk', 'Los Angeles Lakers', 'SG', 1669178),
('Mamadi Diakite', 'Milwaukee Bucks', 'PF', 1517981),
('Marc Gasol', 'Los Angeles Lakers', 'C', 2692991),
('Marcus Morris Sr.', 'Los Angeles Clippers', 'SF', 15627907),
('Marcus Smart', 'Boston Celtics', 'PG', 14339285),
('Markelle Fultz', 'Orlando Magic', 'PG', 16500000),
('Markieff Morris', 'Miami Heat', 'PF', 1669178),
('Marvin Bagley III', 'Sacremento Kings', 'PF', 11312114),
('Mason Plumlee', 'Charlotte Hornets', 'C', 9248333),
('Matisse Thybulle', 'Philadelphia Sixers', 'SG', 2840160),
('Maurice Harkless', 'Sacremento Kings', 'SF', 4347600),
('Max Strus', 'Miami Heat', 'SG', 1669178),
('Maxi Kleber', 'Dallas Mavericks', 'PF', 8975000),
('Mfiondu Kabengele', 'Cleveland Cavaliers', 'C', 1701593),
('Michael Carter-Williams', 'Orlando Magic', 'PG', 3300000),
('Michael Porter Jr.', 'Denver Nuggets', 'SF', 5258735),
('Mikal Bridges', 'Phoenix Suns', 'SF', 5557725),
('Mike Conley', 'Utah Jazz', 'PG', 21000000),
('Mike Muscala', 'Oklahoma City Thunder', 'C', 3365385),
('Miles Bridges', 'Charlotte Hornets', 'SF', 5421493),
('Miles McBride', 'New York Knicks', 'PG', 925258),
('Mitchell Robinson', 'New York Knicks', 'C', 1802057),
('Mo Bamba', 'Orlando Magic', 'C', 7568743),
('Monte Morris', 'Denver Nuggets', 'PG', 8449074),
('Montrezl Harrell', 'Washington Wizards', 'C', 9720900),
('Moritz Wagner', 'Orlando Magic', 'C', 1669178),
('Moses Brown', 'Dallas Mavericks', 'C', 1701593),
('Moses Moody', 'Golden State Warriors', 'SG', 3562200),
('Mychal Mulder', 'Golden State Warriors', 'SG', 1782621),
('Myles Turner', 'Indiana Pacers', 'C', 18000000),
('Nah Shon Hyland', 'Denver Nuggets', 'PG', 2096880),
('Naji Marshall', 'New Orleans Pelicans', 'SF', 1517981),
('Nassir Little', 'Portland Trail Blazers', 'SF', 2316240),
('Naz Reid', 'Minnesota Timberwolves', 'C', 1782621),
('Nemanja Bjelica', 'Golden State Warriors', 'PF', 1669178),
('Nerlens Noel', 'New York Knicks', 'C', 8000000),
('Nick Richards', 'Charlotte Hornets', 'C', 1517981),
('Nickeil Alexander-Walker', 'New Orleans Pelicans', 'SG', 3261480),
('Nicolas Batum', 'Los Angeles Clippers', 'PF', 3170029),
('Nicolas Claxton', 'Brooklyn Nets', 'PF', 1782621),
('Nikola Jokic', 'Denver Nuggets', 'C', 31579390),
('Nikola Vucevic', 'Chicago Bulls', 'C', 24000000),
('Norman Powell', 'Portland Trail Blazers', 'SF', 15517241),
('Obi Toppin', 'New York Knicks', 'PF', 5105160),
('OG Anunoby', 'Toronto Raptors', 'SF', 16071429),
('Olumiye Oni', 'Utah Jazz', 'SG', 1782621),
('Omer Yurtseven', 'Miami Heat', 'C', 1489065),
('Onyeka Okongwu', 'Atlanta Hawks', 'PF', 6104280),
('Oshae Brissett', 'Indiana Pacers', 'SF', 1701593),
('Otto Porter Jr.', 'Golden State Warriors', 'SF', 1669178),
('P.J. Tucker', 'Miami Heat', 'PF', 7000000),
('P.J. Washington', 'Charlotte Hornets', 'PF', 4215120),
('Pascal Siakam', 'Toronto Raptors', 'PG', 33003936),
('Pat Connaughton', 'Milwaukee Bucks', 'SG', 5333334),
('Patrick Beverley', 'Minnesota Timberwolves', 'PG', 14320988),
('Patrick Williams', 'Chicago Bulls', 'PF', 7422000),
('Patty Mills', 'Brooklyn Nets', 'PG', 5890000),
('Paul George', 'Los Angeles Clippers', 'SG', 39344900),
('Paul Reed', 'Philadelphia Sixers', 'SF', 1517981),
('Payton Pritchard', 'Boston Celtics', 'PG', 2137440),
('PJ Dozier', 'Denver Nuggets', 'SG', 1910860),
('Precious Achiuwa', 'Toronto Raptors', 'PF', 2711280),
('Quentin Grimes', 'New York Knicks', 'SG', 2168760),
('R.J. Hampton', 'Orlando Magic', 'PG', 2303040),
('Rajon Rondo', 'Los Angeles Lakers', 'PG', 1669178),
('Raul Neto', 'Washington Wizards', 'PG', 1669178),
('Reggie Bullock', 'Dallas Mavericks', 'SF', 9536000),
('Reggie Jackson', 'Los Angeles Clippers', 'PG', 10384500),
('Richaun Holmes', 'Sacremento Kings', 'C', 10384500),
('Ricky Rubio', 'Cleveland Cavaliers', 'PG', 17800000),
('RJ Barrett', 'New York Knicks', 'SG', 8623920),
('Robert Covington', 'Portland Trail Blazers', 'PF', 12975471),
('Robert Williams III', 'Boston Celtics', 'C', 3661976),
('Robert Woodard II', 'Sacremento Kings', 'SF', 1517981),
('Robin Lopez', 'Orlando Magic', 'C', 5000000),
('Rodney Hood', 'Milwaukee Bucks', 'SG', 1669178),
('Rodney McGruder', 'Detroit Pistons', 'SG', 1669178),
('Romeo Langford', 'Boston Celtics', 'SG', 3804360),
('Royce O Neale', 'Utah Jazz', 'PF', 8800000),
('Rudy Gay', 'Utah Jazz', 'SF', 5890000),
('Rudy Gobert', 'Utah Jazz', 'C', 35344828),
('Rui Hachimura', 'Washington Wizards', 'PF', 4916160),
('Russell Westbrook', 'Los Angeles Lakers', 'PG', 44211146),
('Ryan Arcidiacono', 'Chicago Bulls', 'PG', 3000000),
('Saben Lee', 'Detroit Pistons', 'PG', 1489065),
('Saddiq Bey', 'Detroit Pistons', 'SF', 2824320),
('Sam Dekker', 'Toronto Raptors', 'PF', 1669178),
('Sam Merrill', 'Memphis Grizzlies', 'SG', 1517981),
('Santi Aldama', 'Memphis Grizzlies', 'PF', 1994520),
('Scottie Barnes', 'Toronto Raptors', 'SF', 7280520),
('Sekou Doumbouya', 'Brooklyn Nets', 'SF', 3613680),
('Semi Ojeleye', 'Milwaukee Bucks', 'PF', 1669178),
('Serge Ibaka', 'Los Angeles Clippers', 'C', 9720900),
('Seth Curry', 'Philadelphia Sixers', 'SG', 8207518),
('Shai Gilgeous-Alexander', 'Oklahoma City Thunder', 'SG', 5495532),
('Shake Milton', 'Philadelphia Sixers', 'SG', 1846738),
('Solomon Hill', 'Atlanta Hawks', 'SF', 1669178),
('Spencer Dinwiddie', 'Washington Wizards', 'PG', 17142857),
('Stephen Curry', 'Golden State Warriors', 'PG', 45780966),
('Sterling Brown', 'Dallas Mavericks', 'SF', 3000000),
('Steven Adams', 'Memphis Grizzlies', 'C', 17073171),
('T.J. McConnell', 'Indiana Pacers', 'PG', 7500000),
('T.J. Warren', 'Indiana Pacers', 'SF', 12940000),
('Taj Gibson', 'New York Knicks', 'C', 4910000),
('Talen Horton-Tucker', 'Los Angeles Lakers', 'SG', 9500000),
('Taurean Prince', 'Minnesota Timberwolves', 'PF', 13000000),
('Terance Mann', 'Los Angeles Clippers', 'SG', 1782621),
('Terence Davis', 'Sacremento Kings', 'SG', 4000000),
('Terrence Ross', 'Orlando Magic', 'SG', 12500000),
('Terry Rozier', 'Charlotte Hornets', 'SG', 17905263),
('Thaddeus Young', 'San Antonio Spurs', 'PF', 14190000),
('Thanasis Antetokounmpo', 'Milwaukee Bucks', 'SF', 1669178),
('Theo Maledon', 'Oklahoma City Thunder', 'PG', 2000000),
('Thomas Bryant', 'Washington Wizards', 'C', 8666667),
('Tim Hardaway Jr.', 'Dallas Mavericks', 'SF', 21308816),
('Tobias Harris', 'Philadelphia Sixers', 'PF', 35995950),
('Tomas Satoransky', 'New Orleans Pelicans', 'SG', 10000000),
('Tony Bradley', 'Chicago Bulls', 'C', 1669178),
('Tony Snell', 'Portland Trail Blazers', 'SF', 1669178),
('Torrey Craig', 'Indiana Pacers', 'SF', 4878049),
('Trae Young', 'Atlanta Hawks', 'PG', 8326471),
('Tre Jones', 'San Antonio Spurs', 'PG', 1517981),
('Tre Mann', 'Oklahoma City Thunder', 'PG', 2901240),
('Trevor Ariza', 'Los Angeles Lakers', 'SF', 1669178),
('Trey Burke', 'Dallas Mavericks', 'PG', 3150000),
('Trey Lyles', 'Detroit Pistons', 'PF', 2500000),
('Trey Murphy III', 'New Orleans Pelicans', 'SG', 3053760),
('Tristan Thompson', 'Sacremento Kings', 'C', 9720900),
('Troy Brown Jr.', 'Chicago Bulls', 'SF', 5170564),
('Ty Jerome', 'Oklahoma City Thunder', 'SG', 2412840),
('Tyler Herro', 'Miami Heat', 'PG', 4004280),
('Tyrell Terry', 'Dallas Mavericks', 'PG', 1517981),
('Tyrese Haliburton', 'Sacremento Kings', 'PG', 4023600),
('Tyrese Maxey', 'Philadelphia Sixers', 'PG', 2602920),
('Tyus Jones', 'Memphis Grizzlies', 'PG', 8376286),
('Udoka Azubuike', 'Utah Jazz', 'C', 2075880),
('Udonis Haslem', 'Miami Heat', 'PF', 1669178),
('Usman Garuba', 'Houston Rockets', 'PF', 2353320),
('Vernon Carey Jr.', 'Charlotte Hornets', 'C', 1517981),
('Victor Oladipo', 'Miami Heat', 'SG', 1669178),
('Vlatko Cancar', 'Denver Nuggets', 'SF', 1782621),
('Wayne Ellington', 'Los Angeles Lakers', 'SG', 1669178),
('Wendell Carter Jr.', 'Orlando Magic', 'C', 6920027),
('Wenyen Gabriel', 'New Orleans Pelicans', 'PF', 1762796),
('Wes Iwundu', 'Charlotte Hornets', 'SF', 1824003),
('Will Barton', 'Denver Nuggets', 'SF', 15625000),
('Willie Cauley-Stein', 'Dallas Mavericks', 'C', 4100000),
('Willy Hernangomez', 'New Orleans Pelicans', 'C', 2327220),
('Xavier Tillman', 'Memphis Grizzlies', 'C', 1517981),
('Yogi Ferrell', 'Los Angeles Clippers', 'PG', 1782621),
('Yuta Watanabe', 'Toronto Raptors', 'SF', 1762796),
('Zach Collins', 'San Antonio Spurs', 'PF', 7000000),
('Zach LaVine', 'Chicago Bulls', 'SG', 19500000),
('Zeke Nnaji', 'Denver Nuggets', 'PF', 2498760),
('Ziaire Williams', 'Memphis Grizzlies', 'SG', 4373040),
('Zion Williamson', 'New Orleans Pelicans', 'PF', 10733400);

-- --------------------------------------------------------

--
-- Struttura della tabella `giornate`
--

CREATE TABLE `giornate` (
  `giornata` int(11) NOT NULL,
  `squadraA` varchar(45) NOT NULL,
  `squadraB` varchar(45) NOT NULL,
  `risultatoA` varchar(45) NOT NULL,
  `risultatoB` varchar(45) NOT NULL,
  `squadraC` varchar(45) NOT NULL,
  `squadraD` varchar(45) NOT NULL,
  `risultatoC` varchar(45) NOT NULL,
  `risultatoD` varchar(45) NOT NULL
) ENGINE=InnoDB DEFAULT CHARSET=utf8mb4 COLLATE=utf8mb4_general_ci;

-- --------------------------------------------------------

--
-- Struttura della tabella `squadre`
--

CREATE TABLE `squadre` (
  `nome` varchar(45) NOT NULL,
  `giocatore1` varchar(45) NOT NULL,
  `giocatore2` varchar(45) NOT NULL,
  `giocatore3` varchar(45) NOT NULL,
  `giocatore4` varchar(45) NOT NULL,
  `giocatore5` varchar(45) NOT NULL,
  `giocatore6` varchar(45) NOT NULL,
  `giocatore7` varchar(45) NOT NULL,
  `giocatore8` varchar(45) NOT NULL,
  `giocatore9` varchar(45) NOT NULL,
  `giocatore10` varchar(45) NOT NULL,
  `formazione` varchar(45) NOT NULL,
  `spesa` int(11) NOT NULL
) ENGINE=InnoDB DEFAULT CHARSET=utf8mb4 COLLATE=utf8mb4_general_ci;

--
-- Dump dei dati per la tabella `squadre`
--

INSERT INTO `squadre` (`nome`, `giocatore1`, `giocatore2`, `giocatore3`, `giocatore4`, `giocatore5`, `giocatore6`, `giocatore7`, `giocatore8`, `giocatore9`, `giocatore10`, `formazione`, `spesa`) VALUES
('squadra1', 'Jonathan Kuminga', 'Anthony Edwards', 'Gary Payton II', 'Evan Mobley', 'Andrew Wiggins', 'Carsen Edwards', 'Austin Rivers', 'Aaron Gordon', 'Duncan Robinson', 'Alex Len', '2', 96586291),
('squadra100', 'Markelle Fultz', 'Fred VanVleet', 'DeMar DeRozan', 'Jabari Parker', 'Enes Kanter', 'Darius Garland', 'Zach LaVine', 'Aaron Nesmith', 'Bruno Fernando', 'Mitchell Robinson', '4', 99884896),
('squadra1239', 'Aaron Gordon', 'Damyean Dotson', 'Darius Garland', 'Deni Avdija', 'D.J. Augustin', 'DaQuan Jeffries', 'Bam Adebayo', 'Juancho Hernangomez', 'Daniel Theis', 'David Nwaba', '4', 86786070),
('squadra2', 'Robert Williams III', 'Jayson Tatum', 'Blake Griffin', 'Tobias Harris', 'Seth Curry', 'Andre Drummond', 'Dalano Banton', 'Paul Reed', 'Malachi Flynn', 'Isaiah Joe', '3', 95343023),
('squadra239', 'Jaylen Brown', 'Romeo Langford', 'Blake Griffin', 'Robert Woodard II', 'Trey Burke', 'Sterling Brown', 'Jalen Green', 'Kevin Porter Jr.', 'Joshua Primo', 'Vlatko Cancar', '2', 56404689),
('squadra320', 'Anthony Davis', 'Brandon Ingram', 'Charlie Brown Jr.', 'Damion Lee', 'Ja Morant', 'Bol Bol', 'Alex Len', 'Alex Caruso', 'Justin Holiday', 'Dalano Banton', '4', 99520454),
('squadra39', 'Jaylen Brown', 'Kris Dunn', 'Josh Richardson', 'Luca Vildoza', 'Kevin Knox II', 'Seth Curry', 'Isaiah Joe', 'Tyrese Maxey', 'Shake Milton', 'Furkan Korkmaz', '2', 71355372),
('squadra5', 'Jaylen Brown', 'Bruno Fernando', 'Carsen Edwards', 'Kris Dunn', 'Dwayne Bacon', 'Jayson Tatum', 'Marcus Smart', 'Obi Toppin', 'Nerlens Noel', 'Taj Gibson', '2', 97611468),
('squadra6', 'Jaylen Brown', 'Kris Dunn', 'Carsen Edwards', 'Bruno Fernando', 'Al Horford', 'Enes Kanter', 'Romeo Langford', 'Aaron Nesmith', 'Jabari Parker', 'Marcus Smart', '3', 88056577),
('squadra890', 'Bogdan Bogdanovic', 'Jordan Nwora', 'Clint Capela', 'Ben McLemore', 'T.J. Warren', 'Domantas Saboni', 'Olumiye Oni', 'Hassan Whiteside', 'Eric Paschall', 'Cody Zeller', '3', 79434205);

--
-- Indici per le tabelle scaricate
--

--
-- Indici per le tabelle `squadre`
--
ALTER TABLE `squadre`
  ADD PRIMARY KEY (`nome`);
COMMIT;

/*!40101 SET CHARACTER_SET_CLIENT=@OLD_CHARACTER_SET_CLIENT */;
/*!40101 SET CHARACTER_SET_RESULTS=@OLD_CHARACTER_SET_RESULTS */;
/*!40101 SET COLLATION_CONNECTION=@OLD_COLLATION_CONNECTION */;
